type,duration,end_time
public,0.0304348468781,13:36:39
normal,0.643684148788,13:36:40
public,0.204418897629,13:36:40
public,0.018100976944,13:55:56
normal,2.53863120079,13:55:59
public,0.407879114151,13:55:59
normal,1.43413996696,13:56:00
public,0.202754020691,13:56:01
normal,0.60113120079,13:56:08
public,0.146315097809,13:56:08
normal,0.204203128815,13:56:08
public,0.34338092804,13:56:09
normal,2.73059105873,13:56:11
public,0.933315992355,13:56:12
normal,2.20301508904,13:56:16
public,0.179040908813,13:56:17
normal,3.69757199287,13:56:20
public,0.163089990616,13:56:21
normal,0.59628200531,13:56:23
public,0.958925008774,13:56:24
normal,1.01802802086,13:56:25
public,1.31433391571,13:56:27
normal,3.07264304161,13:56:33
personal,0.769520998001,13:56:34
normal,0.670022964478,13:56:36
public,0.137138843536,13:56:36
normal,2.14904785156,13:56:39
public,0.0873839855194,13:56:39
normal,1.82505011559,13:56:40
public,0.205207109451,13:56:41
normal,2.03176212311,13:56:43
public,0.407995939255,13:56:43
normal,5.13650584221,13:56:48
public,0.1498670578,13:56:48
normal,1.01313304901,13:56:49
public,0.203424930573,13:56:50
normal,2.23723483086,13:56:52
public,0.490145921707,13:56:52
normal,1.13442182541,13:56:53
personal,0.911859035492,13:56:54
normal,6.87730193138,13:57:01
public,0.189071178436,13:57:01
normal,3.89889907837,13:57:07
public,1.01750707626,13:57:08
normal,1.22341895103,13:57:09
public,0.197727918625,13:57:09
normal,12.8876628876,13:57:22
close,0.224415063858,13:57:22
normal,1.72673416138,13:57:24
public,0.313837051392,13:57:24
normal,7.41345691681,13:57:32
public,0.200989961624,13:57:32
normal,13.4147319794,13:57:45
public,0.408632040024,13:57:46
normal,3.63990783691,13:57:53
public,0.171993970871,13:57:53
normal,0.335467100143,13:57:59
public,0.607933044434,13:57:59
normal,0.781677007675,13:58:00
public,2.45819687843,13:58:08
normal,0.474831104279,13:58:13
public,0.00558710098267,13:58:13
normal,1.50323796272,13:58:15
public,0.314974069595,13:58:15
normal,2.24179005623,13:58:17
public,0.307991027832,13:58:18
normal,0.093768119812,13:58:18
public,0.40790104866,13:58:18
normal,1.21693110466,13:58:19
public,0.203733921051,13:58:20
normal,1.0123000145,13:58:21
public,0.205790996552,13:58:21
normal,2.48147416115,13:58:23
public,0.576913118362,13:58:24
normal,5.98566198349,13:58:30
public,0.245338916779,13:58:31
normal,1.64140295982,13:58:32
public,0.184206962585,13:58:33
normal,1.26472902298,13:58:36
public,0.204412221909,13:58:36
normal,1.47652697563,13:58:37
public,0.410629987717,13:58:38
normal,1.22570204735,13:58:39
public,0.150645971298,13:58:39
normal,0.597501039505,13:58:40
public,0.202681064606,13:58:40
normal,3.24916195869,13:58:43
public,0.305157899857,13:58:43
normal,2.15008711815,13:58:45
personal,0.82763004303,13:58:46
normal,0.38019490242,13:58:47
public,0.616214036942,13:58:47
normal,7.71593809128,13:58:55
public,0.613492965698,13:58:56
normal,6.74041795731,13:59:02
public,0.573568105698,13:59:03
normal,5.48523306847,13:59:08
public,0.203938007355,13:59:09
normal,2.04408597946,13:59:11
public,0.600260019302,13:59:11
normal,1.43337202072,13:59:13
public,0.409646034241,13:59:13
normal,6.28374099731,13:59:19
public,0.624042987823,13:59:20
normal,1.48708891869,13:59:22
public,0.223429918289,13:59:22
normal,0.916532993317,13:59:23
public,0.718140125275,13:59:23
normal,2.12934279442,13:59:26
public,1.84837698936,13:59:27
normal,0.998198986053,13:59:28
public,0.200818061829,13:59:29
normal,0.268114089966,13:59:29
public,0.159287929535,13:59:30
normal,0.60653090477,13:59:31
public,1.01729393005,13:59:32
normal,0.979779958725,13:59:33
public,0.204118967056,13:59:33
normal,1.41954994202,13:59:35
public,0.815248012543,13:59:35
normal,1.42002105713,13:59:37
public,0.40838098526,13:59:37
normal,3.2512140274,13:59:41
public,1.21983599663,13:59:42
normal,0.204159021378,13:59:42
public,1.41889595985,13:59:43
normal,0.205412864685,13:59:44
public,0.207942962646,13:59:44
normal,0.228822946548,13:59:44
public,0.791267871857,13:59:45
normal,0.602180957794,13:59:45
public,1.22093915939,13:59:47
normal,1.82297992706,13:59:48
public,0.818316936493,13:59:49
normal,1.01032519341,13:59:50
public,0.408751964569,13:59:51
normal,0.201428890228,13:59:51
public,0.308911085129,13:59:52
normal,0.918723106384,13:59:53
public,0.0121138095856,13:59:53
normal,1.02537608147,13:59:54
public,0.190956115723,13:59:54
normal,0.425942182541,13:59:57
public,0.436315059662,13:59:57
normal,1.84855294228,14:00:01
public,0.203341960907,14:00:02
normal,2.12884116173,14:00:04
public,0.116876840591,14:00:04
normal,2.13103294373,14:00:06
public,0.0944378376007,14:00:06
normal,9.35260796547,14:00:16
public,0.202784061432,14:00:16
normal,4.27761602402,14:00:20
public,0.193192005157,14:00:20
normal,1.01864099503,14:00:21
public,0.4150390625,14:00:22
normal,2.83678603172,14:00:24
public,0.407272100449,14:00:25
normal,5.68468308449,14:00:31
public,0.821111917496,14:00:31
normal,12.2707111835,14:00:48
public,0.204421043396,14:00:49
normal,5.75102806091,14:00:54
public,0.352513074875,14:00:55
normal,1.58215808868,14:01:06
public,0.608746051788,14:01:07
normal,0.608997106552,14:01:08
public,0.415870904922,14:01:08
normal,0.801758050919,14:01:09
public,0.21620798111,14:01:09
normal,8.11791801453,14:01:17
public,0.210211992264,14:01:17
normal,2.63545703888,14:01:20
public,0.610500812531,14:01:21
normal,0.205416917801,14:01:21
public,0.836375951767,14:01:22
normal,2.06269693375,14:01:24
public,0.170289993286,14:01:24
normal,7.29578900337,14:01:31
public,0.203596115112,14:01:31
normal,1.01508712769,14:01:32
public,0.204921007156,14:01:33
normal,4.74868106842,14:01:37
public,1.57256603241,14:01:39
normal,3.85264778137,14:01:43
public,0.187385082245,14:01:43
normal,0.444164037704,14:01:45
public,0.426411867142,14:01:45
normal,7.38235187531,14:01:52
public,0.32342004776,14:01:53
normal,2.74896097183,14:01:55
public,0.0966031551361,14:01:56
normal,2.05228710175,14:01:58
public,0.385468959808,14:01:58
normal,8.41617584229e-05,14:01:59
public,0.173657894135,14:01:59
normal,0.271734952927,14:02:02
public,0.2045378685,14:02:02
normal,2.80355405807,14:02:06
public,1.136480093,14:02:07
normal,3.0481801033,14:02:10
public,0.202362060547,14:02:10
normal,0.406006097794,14:02:11
public,0.201815128326,14:02:11
normal,0.413362979889,14:02:11
personal,0.424613952637,14:02:12
normal,0.517889022827,14:02:17
public,0.472076892853,14:02:18
normal,0.150761842728,14:02:22
public,0.0229539871216,14:02:23
normal,3.16134095192,14:02:32
public,0.205973148346,14:02:32
normal,2.02902817726,14:02:34
public,0.610465764999,14:02:35
normal,0.709075212479,14:02:35
public,0.817818164825,14:02:36
normal,1.50832796097,14:02:40
public,0.413624048233,14:02:40
normal,3.65302801132,14:02:44
public,0.408987045288,14:02:44
normal,1.6269338131,14:02:46
public,0.197793006897,14:02:46
normal,0.607168912888,14:02:47
public,0.496445894241,14:02:47
normal,0.408969163895,14:02:49
public,0.311640024185,14:02:49
normal,0.37517285347,14:02:50
public,0.204115867615,14:02:50
normal,1.01256680489,14:02:51
public,0.380604028702,14:02:52
normal,2.04759502411,14:02:54
public,0.379758834839,14:02:54
normal,0.202786922455,14:02:55
public,0.202167987823,14:02:55
normal,2.83966708183,14:02:58
public,0.41007900238,14:02:58
normal,5.29706096649,14:03:03
public,0.392981052399,14:03:04
normal,3.27862501144,14:03:07
public,0.994080066681,14:03:08
normal,1.42905402184,14:03:10
public,0.395025014877,14:03:10
normal,1.27452588081,14:03:11
public,0.347748994827,14:03:12
normal,2.87077021599,14:03:16
public,1.43083381653,14:03:18
normal,2.45612287521,14:03:20
public,0.181598901749,14:03:21
normal,5.89238905907,14:03:26
public,0.211557149887,14:03:27
normal,0.240687131882,14:03:28
public,0.189960002899,14:03:28
normal,4.68841004372,14:03:33
public,0.187363862991,14:03:33
normal,2.64139604568,14:03:36
public,0.818121910095,14:03:37
normal,2.23474788666,14:03:39
public,0.847449064255,14:03:40
normal,0.380858898163,14:03:40
public,0.190139055252,14:03:40
normal,1.31394815445,14:03:42
public,0.188766956329,14:03:43
normal,1.21400213242,14:03:44
public,0.409003973007,14:03:44
normal,9.34693193436,14:03:54
public,0.20429110527,14:03:54
normal,0.206613063812,14:03:54
public,0.201285123825,14:03:54
normal,0.204003095627,14:03:54
public,0.203493833542,14:03:55
normal,0.206214904785,14:03:55
public,0.202266216278,14:03:55
normal,1.3447329998,14:04:00
public,0.201223134995,14:04:00
normal,1.44799089432,14:04:01
public,0.389553070068,14:04:02
normal,1.20743298531,14:04:03
public,0.206424951553,14:04:03
normal,0.999722003937,14:04:06
public,0.151641130447,14:04:06
public,0.0442790985107,14:04:10
normal,0.33102107048,14:04:11
public,0.599828004837,14:04:11
normal,0.203655958176,14:04:11
public,0.2045378685,14:04:12
normal,1.21587610245,14:04:13
public,0.204440116882,14:04:13
normal,1.42025995255,14:04:14
public,0.613308906555,14:04:15
normal,1.6230430603,14:04:17
public,0.408555984497,14:04:17
normal,1.01199698448,14:04:18
public,0.608736991882,14:04:19
normal,3.84345793724,14:04:22
public,0.090322971344,14:04:23
normal,3.36035203934,14:04:28
public,0.406161785126,14:04:29
normal,0.406461954117,14:04:29
public,0.40842294693,14:04:29
normal,4.87302207947,14:04:34
public,0.204609870911,14:04:35
normal,1.42289805412,14:04:36
public,0.436895132065,14:04:36
normal,0.180845022202,14:04:42
public,1.04588317871,14:04:43
normal,0.175365924835,14:04:43
public,0.200664997101,14:04:44
normal,0.424828052521,14:04:49
public,1.01488804817,14:04:50
normal,0.204627037048,14:04:50
public,0.612555980682,14:04:51
normal,3.15288615227,14:04:54
public,0.908720970154,14:04:55
normal,0.813512802124,14:04:55
public,1.04344797134,14:04:56
normal,0.81750202179,14:04:57
public,0.370775938034,14:04:58
normal,1.62728190422,14:04:59
public,0.404000043869,14:05:00
normal,1.69470500946,14:05:01
public,0.351784944534,14:05:02
normal,1.69700312614,14:05:03
public,0.526010036469,14:05:04
normal,6.91598892212,14:05:11
public,0.198212862015,14:05:11
normal,0.752978086472,14:05:12
public,0.261670827866,14:05:12
normal,3.04918694496,14:05:15
public,0.476588010788,14:05:16
normal,0.693912982941,14:05:19
public,0.610676050186,14:05:19
normal,0.0813820362091,14:05:21
public,0.954843044281,14:05:24
normal,1.57485294342,14:05:25
public,0.204696893692,14:05:25
normal,2.0300321579,14:05:27
public,0.41131401062,14:05:28
normal,1.62431693077,14:05:29
public,0.40977191925,14:05:30
normal,1.42894411087,14:05:31
public,0.192250013351,14:05:31
normal,0.618872880936,14:05:32
public,0.399526119232,14:05:32
normal,0.944176912308,14:05:44
public,0.408972978592,14:05:44
normal,4.89692592621,14:05:49
public,0.185350179672,14:05:49
normal,0.60676908493,14:05:50
public,0.409116983414,14:05:50
normal,2.23222112656,14:05:53
public,0.405297040939,14:05:53
normal,0.325926065445,14:05:53
public,1.33031797409,14:05:55
normal,0.518718004227,14:05:59
public,0.205083847046,14:06:00
normal,1.42109394073,14:06:01
public,0.20472407341,14:06:01
normal,0.631305932999,14:06:06
public,0.162270069122,14:06:07
normal,9.31540894508,14:06:16
public,0.608694076538,14:06:17
normal,1.85671496391,14:06:18
public,0.383924007416,14:06:19
normal,1.11575293541,14:06:23
public,0.361030101776,14:06:23
normal,0.820316076279,14:06:24
public,0.351948022842,14:06:25
normal,0.397650957108,14:06:25
public,0.205846071243,14:06:25
normal,1.84288311005,14:06:27
public,0.285141944885,14:06:27
normal,0.185305118561,14:06:28
public,0.188783884048,14:06:29
normal,0.203980922699,14:06:29
public,0.217959880829,14:06:29
normal,2.01063299179,14:06:33
public,0.204504013062,14:06:34
normal,0.543642044067,14:06:37
public,0.187731981277,14:06:38
normal,1.21980190277,14:06:39
public,0.409729957581,14:06:40
normal,0.809515953064,14:06:40
public,0.204627037048,14:06:41
normal,0.0662410259247,14:06:44
public,0.608936071396,14:06:45
normal,1.20914292336,14:06:46
public,0.408340930939,14:06:47
normal,0.811146974564,14:06:47
public,0.201232910156,14:06:48
normal,0.46756696701,14:06:50
public,0.412379980087,14:06:50
normal,0.406246900558,14:06:52
public,4.68332314491,14:06:57
normal,0.801450967789,14:06:58
public,0.430203914642,14:06:58
normal,4.6968460083e-05,14:07:02
public,0.355175971985,14:07:02
normal,4.2642788887,14:07:07
public,0.404532909393,14:07:07
normal,0.835121870041,14:07:08
public,0.384307861328,14:07:08
normal,0.646951913834,14:07:12
public,0.586000919342,14:07:13
normal,0.475289106369,14:07:15
public,0.205806970596,14:07:15
normal,1.22290611267,14:07:17
public,0.602691888809,14:07:17
normal,2.65463900566,14:07:20
public,0.111521959305,14:07:20
normal,0.000497817993164,14:07:21
public,0.0943548679352,14:07:22
normal,0.222123146057,14:07:24
public,0.174035072327,14:07:24
normal,0.0328159332275,14:07:27
public,0.803331136703,14:07:28
normal,0.429604768753,14:07:31
public,0.614314079285,14:07:32
normal,0.605484008789,14:07:32
public,0.206288814545,14:07:32
normal,2.03119397163,14:07:34
public,0.203269004822,14:07:35
normal,0.0369589328766,14:07:41
public,0.210751056671,14:07:41
normal,1.44613695145,14:07:44
public,0.204071044922,14:07:45
normal,2.45399188995,14:07:48
public,0.296482801437,14:07:49
normal,0.424737930298,14:07:49
public,0.0360000133514,14:07:49
normal,0.000875949859619,14:07:52
public,0.385432004929,14:07:52
normal,1.2634499073,14:07:55
public,0.203254938126,14:07:55
normal,0.0552289485931,14:07:57
public,0.0336000919342,14:07:58
normal,0.251325845718,14:08:00
public,0.205528974533,14:08:00
normal,0.458915948868,14:08:02
public,1.01769590378,14:08:03
normal,0.859946966171,14:08:04
public,0.157835960388,14:08:04
normal,0.45753288269,14:08:05
public,0.204432010651,14:08:06
normal,0.203634023666,14:08:06
public,0.408457994461,14:08:06
normal,0.0435931682587,14:08:08
public,0.261882781982,14:08:08
normal,2.21788406372,14:08:11
public,0.573251008987,14:08:11
normal,0.668890953064,14:08:14
public,0.408257961273,14:08:15
normal,3.72406291962,14:08:21
public,0.424010038376,14:08:21
normal,0.153929948807,14:08:24
public,0.100796937943,14:08:24
normal,0.0335929393768,14:08:26
public,0.0658540725708,14:08:28
normal,1.62635922432,14:08:29
public,0.223447799683,14:08:30
normal,2.30570006371,14:08:35
public,0.872351169586,14:08:36
normal,1.29045391083,14:08:38
public,0.841614961624,14:08:39
normal,0.697714805603,14:08:44
public,0.194553852081,14:08:44
normal,0.822880029678,14:08:45
public,0.192621946335,14:08:45
normal,2.43747401237,14:08:47
public,0.814715147018,14:08:48
normal,4.12216901779,14:08:52
public,0.255471229553,14:08:53
normal,0.900840997696,14:08:58
public,0.408904075623,14:08:59
normal,1.03077697754,14:09:00
public,0.205009937286,14:09:00
normal,0.0646469593048,14:09:02
public,0.200529098511,14:09:03
normal,1.29425096512,14:09:06
public,0.205285072327,14:09:06
normal,0.0953600406647,14:09:08
public,0.202035188675,14:09:08
normal,2.10401582718,14:09:12
public,0.20564699173,14:09:12
normal,0.102807998657,14:09:14
public,0.200911045074,14:09:15
normal,0.353600978851,14:09:16
public,0.166777133942,14:09:16
normal,0.441511154175,14:09:17
public,0.100737094879,14:09:18
normal,0.302955150604,14:09:21
public,0.208398103714,14:09:21
normal,0.171917915344,14:09:22
public,0.331439971924,14:09:23
normal,2.58808588982,14:09:25
public,0.443389892578,14:09:26
normal,7.69295287132,14:09:34
public,0.206172943115,14:09:34
normal,1.20788598061,14:09:35
public,0.204466819763,14:09:35
normal,6.50406217575,14:09:42
public,0.209600925446,14:09:42
normal,0.253488063812,14:09:43
public,0.334539175034,14:09:43
normal,0.278141021729,14:09:44
public,0.135153055191,14:09:44
normal,3.43934798241,14:09:47
public,0.202589988708,14:09:48
normal,2.43697714806,14:09:50
public,0.204355955124,14:09:50
normal,3.6619040966,14:09:54
public,0.207368850708,14:09:54
normal,0.928251028061,14:10:01
public,0.203659057617,14:10:01
normal,1.01598310471,14:10:02
public,0.202919960022,14:10:02
normal,3.25298905373,14:10:05
public,0.207064151764,14:10:06
normal,0.640930891037,14:10:07
public,0.597793102264,14:10:08
normal,0.0646409988403,14:10:11
public,0.207366943359,14:10:12
normal,0.464580059052,14:10:18
public,0.204805850983,14:10:18
public,0.0190110206604,14:20:30
normal,1.30160808563,14:20:31
public,0.204681873322,14:20:31
normal,0.207038879395,14:20:32
public,0.198087930679,14:20:32
public,0.109449863434,14:23:09
normal,2.60611104965,14:23:14
public,0.203813076019,14:23:15
normal,1.63256883621,14:23:16
public,0.193742990494,14:23:16
normal,1.4291870594,14:23:18
public,0.400906801224,14:23:18
normal,1.82875990868,14:23:20
public,1.2975461483,14:23:21
normal,5.62575888634,14:23:27
public,0.192955970764,14:23:27
normal,0.369839906693,14:23:28
public,0.804635047913,14:23:29
normal,1.58816599846,14:23:31
public,0.200608968735,14:23:31
normal,0.404978990555,14:23:31
public,0.2024269104,14:23:32
normal,3.8743519783,14:23:36
public,0.405686855316,14:23:36
normal,0.797106981277,14:23:37
public,0.419498205185,14:23:37
normal,1.20709514618,14:23:38
public,0.445822000504,14:23:39
normal,0.166388034821,14:23:39
public,0.202980995178,14:23:39
normal,1.01202392578,14:23:40
public,0.814946889877,14:23:41
normal,4.06196594238,14:23:45
public,0.631161928177,14:23:46
normal,1.81141114235,14:23:48
public,0.202750205994,14:23:48
normal,4.26778411865,14:23:52
public,1.21973514557,14:23:53
normal,5.10164308548,14:23:58
public,0.590934991837,14:23:59
normal,2.43989515305,14:24:01
public,0.207354068756,14:24:02
normal,5.90037202835,14:24:07
public,0.195116996765,14:24:08
normal,0.656373023987,14:24:08
public,0.356364011765,14:24:09
normal,0.628532886505,14:24:09
public,0.183630943298,14:24:09
normal,1.01408100128,14:24:10
public,1.43065595627,14:24:12
normal,2.4918820858,14:24:16
public,0.2009100914,14:24:17
normal,0.817504882812,14:24:17
public,1.21641206741,14:24:19
normal,3.95324015617,14:24:23
public,0.5490629673,14:24:23
normal,0.784053087234,14:24:24
public,0.61101102829,14:24:25
normal,0.200190067291,14:24:25
public,0.270304918289,14:24:25
normal,0.491459846497,14:24:29
public,0.0905520915985,14:24:29
normal,0.296559095383,14:24:32
public,0.408766031265,14:24:32
normal,2.8418648243,14:24:35
public,0.204272985458,14:24:35
normal,0.811314105988,14:24:36
public,0.407990932465,14:24:36
normal,7.00950622559e-05,14:24:38
public,0.586279153824,14:24:38
normal,0.318130970001,14:24:42
public,0.204470157623,14:24:42
normal,1.13347697258,14:24:43
public,0.811460971832,14:24:44
normal,3.04609894753,14:24:47
public,0.204446077347,14:24:47
normal,0.121108055115,14:24:48
public,0.411749839783,14:24:48
normal,1.6292309761,14:24:50
public,0.198356151581,14:24:50
normal,0.276812076569,14:24:53
public,0.135187864304,14:24:53
normal,3.04540896416,14:24:56
public,0.612963914871,14:24:57
normal,0.811110019684,14:24:57
public,0.63266992569,14:24:58
normal,0.384644031525,14:24:58
public,0.0393440723419,14:24:59
normal,1.43331503868,14:25:01
public,0.20138001442,14:25:01
normal,2.23485684395,14:25:04
public,0.82256603241,14:25:05
normal,4.46108484268,14:25:09
public,0.204637050629,14:25:09
normal,0.47473692894,14:25:14
public,0.105563163757,14:25:14
normal,0.60687494278,14:25:15
public,0.207277059555,14:25:15
normal,0.819790124893,14:25:16
public,0.203396081924,14:25:16
normal,1.99980211258,14:25:18
public,0.199808120728,14:25:18
normal,0.204671859741,14:25:19
public,0.139373064041,14:25:20
normal,2.9365029335,14:25:23
public,1.049503088,14:25:24
normal,0.506199836731,14:25:24
public,0.228801965714,14:25:25
normal,1.62613797188,14:25:26
public,0.204907894135,14:25:27
normal,0.808244943619,14:25:27
public,0.613355875015,14:25:28
normal,0.232010126114,14:25:28
public,0.374209880829,14:25:29
normal,3.86888313293,14:25:32
personal,0.805852174759,14:25:33
normal,0.610769033432,14:25:34
public,1.01806998253,14:25:35
normal,2.23274683952,14:25:37
public,0.106497049332,14:25:38
normal,3.54687309265,14:25:41
public,0.618186950684,14:25:42
normal,0.551067113876,14:25:47
public,0.207163095474,14:25:48
normal,1.15237617493,14:25:52
public,0.205636024475,14:25:52
normal,0.450438022614,14:25:55
public,1.42353796959,14:25:57
normal,1.26223516464,14:25:58
public,0.0511047840118,14:25:58
normal,0.214653015137,14:25:59
public,0.191184997559,14:25:59
normal,1.21824407578,14:26:00
public,0.203420877457,14:26:00
normal,4.5644800663,14:26:05
public,0.725088834763,14:26:06
normal,1.11660408974,14:26:07
public,0.101289987564,14:26:07
normal,2.23206186295,14:26:09
public,0.656390190125,14:26:10
normal,3.40976500511,14:26:13
public,0.202454805374,14:26:13
normal,1.42085790634,14:26:15
public,0.203078985214,14:26:15
normal,1.2316429615,14:26:16
public,0.396359205246,14:26:17
normal,0.204268932343,14:26:17
public,0.422331094742,14:26:17
normal,2.01071095467,14:26:19
public,0.204730033875,14:26:19
normal,2.27361917496,14:26:22
public,0.16633105278,14:26:22
normal,1.16118907928,14:26:24
public,1.19494318962,14:26:25
normal,0.804982185364,14:26:26
public,0.611976861954,14:26:27
normal,1.22024106979,14:26:28
public,0.60697221756,14:26:29
normal,6.09660506248,14:26:35
public,1.01753902435,14:26:36
normal,4.68017315865,14:26:40
public,0.813761949539,14:26:41
normal,2.63887500763,14:26:44
public,0.1984770298,14:26:44
normal,1.21976017952,14:26:45
public,0.208678007126,14:26:45
normal,0.810539960861,14:26:46
public,0.201337099075,14:26:46
normal,0.97135591507,14:26:50
public,18.2764480114,14:28:39
normal,0.581151008606,14:28:40
public,5.44444584846,14:31:22
personal,0.778253078461,14:31:23
public,0.432262182236,14:31:23
personal,1.80442500114,14:31:25
public,1.02105903625,14:31:26
close,0.19772195816,14:31:26
personal,2.23679590225,14:31:28
close,0.208198070526,14:31:29
personal,2.23135089874,14:31:31
public,1.01616811752,14:31:32
normal,0.595672130585,14:31:33
public,50.8453090191,14:33:00
close,0.613079071045,14:33:00
personal,2.64576506615,14:33:03
close,0.815100908279,14:33:04
personal,6.00487208366,14:33:14
public,0.151884078979,14:38:37
public,27.5049328804,14:39:04
normal,0.203674077988,14:39:05
public,0.177510976791,14:39:30
normal,0.40512919426,14:39:31
public,1.01904702187,14:39:41
normal,1.02613806725,14:39:42
public,0.193615198135,14:39:42
normal,1.01790595055,14:39:43
public,0.205711841583,14:39:43
normal,1.82302904129,14:39:45
public,0.415853023529,14:39:45
normal,1.01551294327,14:39:46
public,0.409037828445,14:39:47
normal,0.600245952606,14:39:47
public,5.48829102516,14:39:53
close,3.31088805199,14:39:56
normal,6.65843009949,14:40:03
close,0.655503034592,14:40:04
public,1.29231500626,14:40:08
normal,0.398731946945,14:40:09
close,0.419945001602,14:40:10
personal,0.477439165115,14:40:12
close,0.0743839740753,14:40:12
personal,0.39108300209,14:40:16
close,1.20630693436,14:40:24
public,0.88171505928,14:40:34
normal,0.533581972122,14:40:35
public,0.000627994537354,14:40:39
normal,0.613523960114,14:40:40
public,0.378342866898,14:41:29
public,0.442755937576,14:41:30
personal,0.613456964493,14:41:31
public,1.0263030529,14:41:43
normal,0.450073003769,14:41:44
personal,0.476349115372,14:41:48
public,1.13656997681,14:43:59
normal,0.354600906372,14:44:00
close,0.202080965042,14:44:00
personal,1.06777310371,14:44:01
close,17.9384169579,14:44:19
public,3.48769807816,14:44:39
normal,0.259073019028,14:44:39
public,3.37416815758,14:44:43
normal,0.585748910904,14:44:43
public,3.64492893219,14:45:14
normal,0.815312147141,14:45:14
public,0.0879590511322,14:45:40
personal,0.151557922363,14:45:41
public,7.01859617233,14:47:00
personal,0.803328037262,14:47:01
public,0.138955116272,14:47:17
personal,0.993425130844,14:47:18
public,3.90082597733,14:47:23
personal,1.08222007751,14:47:24
public,0.313641786575,14:47:24
close,2.8224670887,14:47:27
personal,0.141889095306,14:47:29
public,19.9469971657,14:47:49
normal,0.798197031021,14:47:50
public,0.727237939835,14:48:34
close,0.317802906036,14:48:34
normal,0.359614133835,14:48:35
public,0.831610918045,14:51:36
normal,0.46205496788,14:51:37
close,5.22497391701,14:51:52
personal,0.203351974487,14:51:52
close,1.22337698936,14:51:53
personal,0.601223945618,14:51:54
close,0.164937973022,14:53:59
personal,0.392143964767,14:54:04
close,1.98212003708,14:54:08
public,32.6267530918,14:56:22
normal,0.743660926819,14:56:23
public,18.3057620525,14:56:41
normal,0.605351924896,14:56:42
public,0.277367830276,15:01:36
normal,0.413549184799,15:01:37
close,0.199038982391,15:01:37
personal,0.779537916183,15:01:39
public,0.488512992859,15:01:49
personal,0.742489814758,15:01:50
public,3.33386111259,15:01:53
close,0.606561899185,15:01:54
public,9.79587721825,15:05:33
personal,2.28391098976,15:05:41
public,0.578082084656,15:05:42
personal,1.06976103783,15:05:44
public,2.38708591461,15:05:50
close,0.199439048767,15:05:50
personal,2.0305390358,15:05:52
public,0.0502390861511,15:05:54
personal,1.22065496445,15:05:55
public,0.872560977936,15:06:00
personal,1.82636499405,15:06:02
close,0.203662157059,15:06:02
personal,1.0150449276,15:06:03
public,0.853421926498,15:06:22
personal,0.242633104324,15:06:35
public,0.0518400669098,15:07:27
personal,0.117652893066,15:07:28
public,8.26232194901,15:07:58
personal,1.20866894722,15:07:59
public,8.79501700401,15:08:24
personal,23.4745960236,15:09:25
public,1.03624510765,15:09:26
personal,0.905844926834,15:09:27
normal,0.409036874771,15:09:27
personal,0.69736790657,15:09:33
close,0.0351150035858,15:09:33
personal,10.7478749752,15:10:09
close,0.768227815628,15:10:10
personal,4.13316392899,15:10:15
public,0.598707914352,15:10:16
personal,2.97146701813,15:10:22
normal,1.18379998207,15:10:23
public,0.459568023682,15:10:23
normal,0.717131137848,15:10:24
public,0.615957975388,15:10:25
normal,0.605808019638,15:10:25
personal,1.21691679955,15:10:26
public,0.659376859665,15:10:27
personal,0.807986974716,15:10:28
public,0.825165987015,15:10:29
personal,0.844775915146,15:10:34
public,0.855190038681,15:10:41
personal,0.811450004578,15:10:42
public,0.217786073685,15:10:42
normal,0.596257925034,15:10:43
public,0.14010310173,15:14:50
close,0.321926832199,15:14:52
public,1.36898183823,15:15:08
personal,1.0138220787,15:15:09
close,0.104800224304,15:15:10
public,1.18003320694,15:15:12
normal,0.38991689682,15:15:12
close,0.304090976715,15:15:15
public,0.562601089478,15:15:16
normal,0.403450965881,15:15:17
public,0.59131193161,15:15:24
personal,0.477868080139,15:15:26
public,0.220211982727,15:15:26
personal,0.405289173126,15:15:27
public,0.239430904388,15:15:28
personal,0.586807012558,15:15:29
public,0.405331134796,15:15:29
personal,0.434302091599,15:15:30
public,0.403571844101,15:15:30
normal,0.14436507225,15:15:31
public,2.03584289551,15:15:33
normal,0.792150020599,15:15:40
close,0.629857063293,15:15:41
normal,1.26099801064,15:15:47
public,1.05791306496,15:15:48
normal,0.461755990982,15:15:51
public,0.180112123489,15:15:51
normal,2.54774188995,15:15:54
close,0.189806938171,15:15:55
normal,0.404700040817,15:15:58
public,0.594720125198,15:15:59
normal,0.972056865692,15:16:02
public,0.400386095047,15:16:04
normal,0.3980281353,15:16:05
personal,0.60480093956,15:16:06
public,0.606848955154,15:16:07
personal,0.390007972717,15:16:07
public,4.68583416939,15:16:16
normal,0.411200046539,15:16:16
personal,1.01370692253,15:16:17
public,2.28658699989,15:17:44
normal,0.81423997879,15:17:45
public,3.87439799309,15:17:54
normal,0.608426094055,15:17:54
public,2.43558597565,15:19:35
personal,1.04557108879,15:19:36
public,0.589773893356,15:20:27
normal,0.189898967743,15:20:28
close,1.01307487488,15:20:29
public,0.976657152176,15:21:25
personal,0.292562961578,15:21:26
public,6.19204711914,15:21:35
personal,0.306093931198,15:21:36
public,0.947304964066,15:21:57
normal,0.644237995148,15:21:57
close,3.82441782951,15:22:01
personal,1.01594305038,15:22:02
public,2.20563602448,15:22:13
personal,0.831864118576,15:22:14
public,0.0720961093903,15:23:44
normal,0.205706119537,15:23:44
public,0.0804569721222,15:24:09
personal,0.103826999664,15:24:11
public,5.80970406532,15:24:27
personal,0.968526124954,15:24:28
public,0.837126016617,15:24:29
personal,0.0552110671997,15:24:30
public,0.724944829941,15:25:46
personal,0.184055089951,15:25:47
public,0.183465003967,15:26:29
close,0.17315196991,15:26:29
personal,0.59218287468,15:26:30
public,0.245604038239,15:28:11
personal,60.5160150528,15:29:14
close,1.02359509468,15:29:15
personal,6.1264359951,15:29:43
close,0.403800010681,15:29:43
personal,11.0394430161,15:30:09
close,1.79979300499,15:30:11
personal,3.86837792397,15:30:15
public,0.809960126877,15:30:15
personal,1.21411013603,15:30:17
public,2.64494204521,15:30:19
personal,1.8258690834,15:30:21
public,2.14728283882,15:30:44
personal,1.01007509232,15:30:45
public,11.9553360939,15:31:05
personal,0.816570043564,15:31:06
public,2.65834784508,15:31:27
personal,3.66391396523,15:31:31
public,1.23799586296,15:32:50
normal,2.91984796524,15:33:29
public,5.98963713646,15:34:33
close,11.9552128315,15:34:47
public,0.528517007828,15:34:53
close,1.11606407166,15:34:56
public,0.485015153885,15:35:22
personal,1.02023100853,15:35:23
public,0.133994817734,15:35:35
normal,0.202938079834,15:35:35
public,0.604572057724,15:35:36
close,0.200174093246,15:35:36
personal,0.550473928452,15:35:39
public,0.834152936935,15:35:42
normal,0.220338821411,15:35:43
public,0.768526077271,15:36:14
personal,1.02085089684,15:36:15
public,0.598554849625,15:36:15
personal,1.03094792366,15:36:16
public,0.80303812027,15:36:17
normal,0.434309005737,15:36:18
public,1.19000506401,15:36:19
normal,0.406574964523,15:36:19
public,2.64022898674,15:36:22
normal,0.270024061203,15:36:22
public,0.787564992905,15:36:23
normal,0.769629955292,15:36:24
public,0.433567047119,15:36:24
normal,0.579110860825,15:36:25
public,2.03346586227,15:36:27
normal,0.207326889038,15:36:27
public,1.44606208801,15:36:28
normal,0.989666938782,15:36:29
public,3.6642510891,15:36:33
normal,0.803255081177,15:36:34
public,0.147121906281,15:36:35
normal,1.36580991745,15:36:36
public,0.195386171341,15:36:37
normal,0.142576932907,15:36:37
public,4.64831900597,15:36:42
normal,0.850838899612,15:36:43
public,13.571393013,15:36:57
personal,1.21467685699,15:36:58
public,0.292119026184,15:36:59
personal,3.63405394554,15:37:03
public,0.403670787811,15:37:03
normal,2.26834607124,15:37:06
close,2.02802991867,15:37:08
normal,0.74344086647,15:37:09
close,2.44412708282,15:37:12
personal,0.823992013931,15:37:12
close,0.586492061615,15:37:16
normal,0.198698043823,15:37:16
close,0.223413944244,15:37:30
public,4.51849102974,15:37:48
normal,4.45328998566,15:37:52
public,0.39742398262,15:37:53
normal,0.0197570323944,15:37:58
public,3.87646794319,15:38:04
normal,2.45275020599,15:38:07
public,0.178561925888,15:38:07
normal,1.06584906578,15:38:08
public,4.34063196182,15:38:14
normal,0.602416992188,15:38:15
public,0.395156860352,15:39:17
normal,0.610157012939,15:39:18
public,0.849398136139,15:39:19
normal,3.1389670372,15:39:22
public,0.127123117447,15:39:22
normal,0.974231958389,15:39:23
public,2.18997383118,15:39:29
normal,0.607161998749,15:39:29
public,0.0784161090851,15:39:31
normal,0.810673952103,15:39:32
public,0.288192033768,15:39:32
normal,0.331669092178,15:39:34
public,1.34513401985,15:39:35
normal,0.617586135864,15:39:36
public,0.137773990631,15:39:36
normal,0.604318141937,15:39:37
public,0.202149868011,15:39:37
normal,0.627341032028,15:39:38
public,0.604131937027,15:39:38
normal,0.889540910721,15:39:39
public,0.20338010788,15:39:39
normal,0.527384996414,15:39:40
public,0.605861902237,15:39:40
normal,0.814512968063,15:39:41
public,0.198935985565,15:39:41
normal,0.817153930664,15:39:42
public,0.202906131744,15:39:42
normal,0.205551147461,15:39:43
public,1.42120599747,15:39:44
normal,1.21732997894,15:39:45
public,0.405254125595,15:39:46
normal,0.389048099518,15:39:47
public,3.35608506203,15:39:50
normal,0.200726985931,15:39:51
close,2.02798223495,15:39:53
normal,3.87239599228,15:39:56
close,0.601013183594,15:39:57
normal,0.37579202652,15:39:59
close,0.270949840546,15:40:01
normal,0.192344903946,15:40:01
close,2.26295089722,15:40:03
normal,0.827457904816,15:40:04
close,2.21921110153,15:40:06
public,2.39408898354,15:40:11
normal,1.00885891914,15:40:12
public,0.260941028595,15:40:12
normal,1.16159391403,15:40:14
public,0.417171001434,15:40:14
normal,0.399326086044,15:40:14
public,0.200152158737,15:40:15
normal,1.21589303017,15:40:16
public,0.854636907578,15:40:17
normal,2.24017500877,15:40:20
public,0.0190830230713,15:40:20
normal,0.000100135803223,15:40:23
public,0.375888109207,15:40:24
normal,0.77227807045,15:40:25
public,0.570768117905,15:40:25
normal,1.12375998497,15:40:31
public,0.279767990112,15:40:31
normal,0.127203941345,15:40:31
public,0.411563158035,15:40:32
normal,0.127262830734,15:40:32
public,0.204885959625,15:40:32
normal,3.15374994278,15:40:36
public,1.52994704247,15:40:37
normal,1.41830801964,15:40:39
public,0.400509119034,15:40:39
close,0.206295013428,15:40:39
personal,3.65472602844,15:40:43
public,1.02044487,15:40:44
normal,2.17118597031,15:40:48
public,0.442692041397,15:40:48
normal,0.166007041931,15:40:48
public,0.202813148499,15:40:49
normal,0.202162981033,15:40:49
public,0.204468011856,15:40:49
normal,0.454155921936,15:40:49
public,0.771943092346,15:40:50
normal,1.4134979248,15:40:52
public,1.66370606422,15:40:58
normal,0.395661115646,15:40:58
public,2.8534309864,15:41:01
normal,3.27400708199,15:41:05
public,2.81349301338,15:41:07
normal,2.71509718895,15:41:14
public,1.22055792809,15:41:15
normal,1.21703600883,15:41:16
public,0.206119060516,15:41:16
normal,4.29992604256,15:41:24
close,0.300394058228,15:41:24
personal,4.46623086929,15:41:46
public,0.576646089554,15:41:47
close,1.80778288841,15:41:51
normal,0.815355062485,15:41:52
close,5.07805490494,15:41:57
normal,1.41671609879,15:42:03
close,0.122675895691,15:42:04
normal,0.797730922699,15:42:05
close,2.82982993126,15:42:08
normal,0.813476085663,15:42:09
close,1.82424902916,15:42:11
normal,0.303365945816,15:42:12
close,1.63720107079,15:42:14
normal,0.386687994003,15:42:15
close,0.811147928238,15:42:15
normal,0.405768871307,15:42:16
close,0.845961093903,15:42:53
public,0.599611997604,15:42:54
personal,0.61952996254,15:42:54
public,0.807746887207,15:42:55
personal,0.541988134384,15:44:08
public,0.132861852646,15:44:15
public,3.1846780777,15:44:18
normal,0.38917517662,15:44:18
public,0.150672912598,15:44:48
normal,0.401834011078,15:44:49
public,0.21407699585,15:44:49
normal,0.00724697113037,15:44:50
public,0.155945062637,15:44:54
normal,0.353102207184,15:44:55
public,0.209053993225,15:44:56
normal,0.97713303566,15:44:57
public,0.364811897278,15:45:13
personal,0.978741168976,15:45:26
close,0.154180049896,15:45:26
personal,2.00701379776,15:45:36
close,6.98566436768e-05,15:45:37
personal,0.371922016144,15:45:42
close,0.196223974228,15:45:43
public,0.615888118744,15:45:45
normal,0.3920109272,15:45:45
public,0.409343004227,15:45:58
normal,0.17455291748,15:45:59
public,0.110538959503,15:46:23
close,0.840167999268,15:46:23
public,0.437133073807,15:46:33
personal,1.82156705856,15:46:34
public,11.7855870724,15:47:24
normal,0.827022075653,15:47:25
public,4.68264698982,15:47:30
close,0.193355798721,15:47:31
public,24.696254015,15:48:03
normal,0.409510850906,15:48:03
personal,0.592294931412,15:48:04
public,4.066395998,15:48:08
personal,2.43813490868,15:48:10
public,26.030780077,15:48:36
close,0.384253978729,15:48:37
personal,0.0421481132507,15:48:40
public,0.408003091812,15:48:41
close,0.606105804443,15:48:41
public,1.01796102524,15:48:42
personal,0.634616851807,15:48:43
public,6.68108701706,15:48:50
close,2.23328018188,15:48:52
normal,0.609668970108,15:48:52
public,0.234203100204,15:48:53
normal,0.378841876984,15:48:53
close,1.21725702286,15:48:54
personal,10.8176801205,15:49:05
public,0.279242992401,15:49:19
close,0.57150888443,15:49:22
public,2.26698517799,15:49:40
personal,0.0783281326294,15:49:41
normal,0.214962005615,15:49:41
close,0.423147916794,15:49:41
personal,2.19841814041,15:53:06
public,0.402500867844,15:53:06
personal,3.87987112999,15:53:13
public,0.608069181442,15:53:14
personal,1.04353904724,15:53:58
public,2.93946099281,15:54:29
normal,0.893224954605,15:54:45
close,0.402636051178,15:54:46
personal,0.980031967163,15:54:50
close,17.6688690186,15:55:13
normal,0.58482003212,15:55:14
personal,1.33528804779,15:55:20
normal,0.406517982483,15:55:20
close,0.203550100327,15:55:20
personal,1.53481602669,15:55:22
close,15.322453022,15:55:57
normal,0.196822881699,15:55:58
close,0.20663189888,15:55:58
normal,0.198658943176,15:55:58
close,1.23307800293,15:56:01
personal,2.04311299324,15:56:05
close,1.01129794121,15:56:06
personal,1.41358399391,15:56:07
close,0.407382965088,15:56:08
personal,4.71943092346,15:56:16
close,1.60071897507,15:56:18
personal,0.634408950806,15:56:18
close,0.792634963989,15:56:19
personal,0.156857967377,15:56:20
close,0.204143047333,15:56:20
personal,0.205444097519,15:56:22
close,1.86647105217,15:56:23
personal,0.627974033356,15:56:38
close,3.64597797394,15:56:42
personal,2.84346294403,15:56:45
close,0.20361995697,15:56:45
personal,0.23913192749,15:56:49
close,0.2014939785,15:56:49
personal,3.05629682541,15:56:52
close,2.43382096291,15:56:56
personal,0.868002176285,15:56:57
close,1.36476707458,15:56:59
personal,0.168720960617,15:57:01
close,0.404174804688,15:57:01
personal,1.22451686859,15:57:02
close,2.84203791618,15:57:05
normal,8.71730589867,15:57:40
close,2.24278688431,15:57:42
normal,0.212448120117,15:57:42
close,1.2664899826,15:57:43
normal,2.3747420311,15:57:46
close,1.61995792389,15:57:47
normal,0.609527111053,15:57:48
close,13.0178148746,15:58:01
normal,0.195429086685,15:58:01
close,0.223330020905,15:58:01
normal,0.398449897766,15:58:02
close,1.20726585388,15:58:03
normal,2.23720383644,15:58:05
close,0.205910921097,15:58:05
normal,0.0846509933472,15:58:08
close,0.803076028824,15:58:09
normal,0.619464159012,15:58:10
close,0.50532579422,15:58:10
normal,0.405657052994,15:58:11
close,1.4234418869,15:58:12
normal,0.812434196472,15:58:13
close,0.812511920929,15:58:14
normal,1.82788205147,15:58:15
close,1.01891303062,15:58:16
normal,1.16157078743,15:58:22
close,1.46395587921,15:58:23
normal,1.39909100533,15:58:25
close,0.173516988754,15:58:25
normal,0.203549146652,15:58:25
close,1.2148141861,15:58:26
normal,5.08491110802,15:58:31
close,0.105259895325,15:58:32
normal,1.55689001083,15:58:34
close,0.593018770218,15:58:35
normal,0.804602861404,15:58:35
close,0.807070970535,15:58:36
normal,3.252409935,15:58:39
close,1.03779816628,15:58:40
normal,1.32899594307,15:58:43
close,1.4346241951,15:58:45
personal,0.863852024078,15:58:47
close,2.03674387932,15:58:49
personal,18.7292678356,16:01:23
public,2.62262821198,16:02:40
close,0.404562950134,16:02:40
public,0.811038970947,16:02:41
personal,0.812470912933,16:02:42
public,2.1715362072,16:02:48
personal,0.192516088486,16:02:50
public,1.09492683411,16:03:17
personal,1.64796996117,16:03:35
public,0.11915397644,16:03:38
normal,0.440675973892,16:03:39
public,0.430835962296,16:03:39
personal,11.7396969795,16:03:51
normal,0.409316062927,16:03:51
close,1.01493000984,16:03:52
personal,2.0509519577,16:03:54
public,0.596402168274,16:03:55
normal,0.750638008118,16:03:56
public,0.403194189072,16:03:57
normal,1.22641897202,16:03:58
public,3.65667009354,16:04:02
normal,1.81328392029,16:04:04
public,0.214298963547,16:04:04
normal,1.79578399658,16:04:06
public,0.197865009308,16:04:06
normal,1.01755714417,16:04:07
public,0.202238082886,16:04:07
normal,0.611493110657,16:04:08
public,0.200169086456,16:04:08
normal,0.813848972321,16:04:09
public,0.21243596077,16:04:09
normal,2.30630397797,16:04:12
close,3.36480998993,16:04:19
public,2.42809796333,16:04:21
personal,0.819941997528,16:04:22
public,9.21946001053,16:04:50
personal,0.0093469619751,16:04:51
public,23.3755218983,16:05:14
normal,0.201076030731,16:05:14
public,5.89856004715,16:05:20
normal,2.24884390831,16:05:22
public,0.595027923584,16:05:23
normal,0.862950801849,16:05:24
public,0.359619855881,16:05:24
normal,0.254803180695,16:05:24
public,1.39193701744,16:05:26
normal,0.408504009247,16:05:27
public,2.631057024,16:05:30
normal,0.227832078934,16:05:30
public,0.792137145996,16:05:31
normal,1.82456111908,16:05:33
public,0.413617134094,16:05:33
normal,1.00726294518,16:05:34
public,1.03172802925,16:05:35
normal,1.61835002899,16:05:37
public,0.60623216629,16:05:38
normal,0.816805124283,16:05:39
public,0.19940495491,16:05:39
normal,4.8721408844,16:05:44
public,0.204142093658,16:05:44
normal,6.30397105217,16:05:50
public,0.816913843155,16:05:51
normal,0.203227996826,16:05:51
public,0.812181949615,16:05:52
normal,1.21342206001,16:05:53
public,6.10492300987,16:05:59
normal,0.218631982803,16:05:59
public,0.18861913681,16:06:00
normal,0.805284023285,16:06:00
public,0.408457994461,16:06:01
normal,0.8700299263,16:06:02
public,0.564971208572,16:06:02
close,0.59245300293,16:06:03
normal,2.64804387093,16:06:06
public,0.402559995651,16:06:06
normal,3.06627488136,16:06:09
close,2.01509213448,16:06:11
normal,0.607300043106,16:06:12
public,0.408493995667,16:06:12
normal,1.2184419632,16:06:13
public,3.66417598724,16:06:17
normal,0.814445972443,16:06:18
public,0.400598049164,16:06:18
normal,0.214465856552,16:06:18
public,0.599251031876,16:06:19
normal,0.202260017395,16:06:19
public,0.82285785675,16:06:20
normal,0.194391965866,16:06:20
public,1.29259109497,16:06:21
normal,0.544116020203,16:06:22
public,0.0474140644073,16:06:25
public,6.91010713577,16:06:33
normal,1.01245808601,16:06:34
public,2.85104298592,16:06:36
normal,0.204139947891,16:06:37
public,1.00905179977,16:06:38
normal,0.715274095535,16:06:38
public,1.31544494629,16:06:40
normal,1.22430801392,16:06:41
public,1.01447200775,16:06:42
normal,0.513158082962,16:06:43
public,0.0689120292664,16:06:43
normal,0.8450319767,16:06:44
public,0.223061800003,16:06:45
normal,4.69041395187,16:06:49
public,0.167643785477,16:06:49
normal,6.92104077339,16:06:56
public,1.40957593918,16:06:58
normal,0.61011505127,16:06:58
public,0.409795045853,16:06:59
normal,8.94110393524,16:07:08
public,0.814221143723,16:07:09
personal,0.811930179596,16:07:09
close,0.20174908638,16:07:10
personal,0.116633892059,16:07:16
public,1.04094290733,16:07:58
personal,6.69349884987,16:08:51
public,17.9652020931,16:10:22
normal,0.123746156693,16:10:22
public,3.72376084328,16:10:34
normal,0.433491945267,16:10:35
public,3.96810507774,16:11:22
normal,0.191155195236,16:11:23
public,0.0519571304321,16:11:39
normal,0.0471630096436,16:11:40
public,26.2096488476,16:15:01
close,0.818186044693,16:15:02
public,2.93281197548,16:16:38
normal,0.801821947098,16:16:38
close,1.81959700584,16:16:40
public,0.90695810318,16:17:06
personal,1.42194700241,16:17:08
public,4.97578501701,16:17:14
personal,0.607981920242,16:17:14
public,18.9124209881,16:17:33
normal,1.00611114502,16:17:34
public,33.0314650536,16:18:27
personal,0.811164140701,16:18:27
public,0.279796123505,16:19:03
normal,0.267930030823,16:19:03
close,0.810901880264,16:19:04
personal,2.02897596359,16:19:06
close,5.61716890335,16:19:24
personal,0.171934127808,16:19:48
close,2.57886886597,16:20:55
personal,1.40804290771,16:20:57
close,0.160960912704,16:21:02
personal,0.14994597435,16:21:03
close,0.5478079319,16:21:07
normal,7.89601802826,16:21:19
public,0.405608892441,16:21:20
normal,3.89498996735,16:21:24
close,0.182838916779,16:21:24
personal,0.207847833633,16:21:24
close,0.79535984993,16:21:25
normal,24.598567009,16:21:49
close,0.207674026489,16:21:50
normal,10.5638480186,16:22:07
public,0.379161834717,16:22:07
normal,3.66137099266,16:22:11
close,20.8689680099,16:23:16
public,5.53102588654,16:23:22
normal,0.564302921295,16:23:22
public,1.43690085411,16:23:24
normal,1.01229906082,16:23:25
public,0.197225093842,16:23:25
normal,0.399633169174,16:23:25
public,1.21980810165,16:23:26
normal,1.01836013794,16:23:27
public,0.202095985413,16:23:28
normal,0.158672094345,16:23:28
public,1.96900415421,16:23:31
normal,0.804548025131,16:23:32
public,3.05222988129,16:23:35
normal,1.01306700706,16:23:36
public,0.435667037964,16:23:36
normal,1.0584590435,16:23:37
public,0.615906000137,16:23:38
normal,0.730143070221,16:23:38
public,0.818014144897,16:23:39
normal,2.02854895592,16:23:41
public,5.49156093597,16:23:47
normal,1.42026090622,16:23:48
public,3.26112604141,16:23:51
normal,0.597090005875,16:23:52
public,0.212677955627,16:23:52
normal,1.0067820549,16:23:53
public,1.01937890053,16:23:54
normal,2.0477950573,16:23:56
public,0.19873380661,16:23:57
normal,0.191149950027,16:23:57
public,0.203475952148,16:23:57
normal,0.404484033585,16:23:57
public,1.82810378075,16:23:59
close,4.67539906502,16:24:04
normal,0.620628833771,16:24:04
close,0.60088300705,16:24:05
public,0.410552024841,16:24:05
normal,0.6043009758,16:24:06
public,1.42294406891,16:24:08
normal,2.25651788712,16:24:10
public,0.795428037643,16:24:11
normal,0.605730056763,16:24:11
public,0.411313056946,16:24:12
normal,0.632102966309,16:24:12
public,0.38548707962,16:24:13
normal,0.205531835556,16:24:13
public,0.203691959381,16:24:13
normal,1.40945100784,16:24:14
public,1.02306509018,16:24:15
normal,0.209676027298,16:24:16
public,0.805486917496,16:24:16
normal,0.806599140167,16:24:17
public,0.614732980728,16:24:18
normal,0.403959035873,16:24:18
public,0.613825082779,16:24:19
normal,0.601501941681,16:24:20
public,0.204815149307,16:24:20
normal,0.205678939819,16:24:20
public,2.9107670784,16:24:23
normal,0.580570936203,16:24:23
public,0.798400878906,16:24:24
normal,0.186054944992,16:24:24
public,0.209919929504,16:24:25
normal,1.20432209969,16:24:26
public,0.203255176544,16:24:26
normal,0.812535047531,16:24:27
public,1.0224840641,16:24:28
normal,0.2014939785,16:24:28
public,1.21539998055,16:24:29
normal,0.203789949417,16:24:29
public,0.210806131363,16:24:30
normal,0.803852081299,16:24:30
public,0.612864017487,16:24:31
normal,1.01707911491,16:24:32
public,1.623691082,16:24:34
normal,0.201705217361,16:24:34
public,1.42261505127,16:24:35
normal,1.62535977364,16:24:37
public,0.228434085846,16:24:37
normal,0.199710130692,16:24:37
public,0.385885000229,16:24:38
normal,0.626649141312,16:24:38
public,0.792755126953,16:24:39
normal,0.405786991119,16:24:40
public,0.819129943848,16:24:40
normal,0.6011698246,16:24:41
public,0.823007106781,16:24:42
normal,0.600260019302,16:24:42
public,0.613242149353,16:24:43
normal,0.206880092621,16:24:43
public,1.00985622406,16:24:44
normal,1.82704591751,16:24:46
public,0.203804969788,16:24:46
normal,2.03062701225,16:24:48
public,0.81635594368,16:24:49
normal,0.607339143753,16:24:50
public,4.07197999954,16:24:54
normal,0.203907012939,16:24:54
public,2.65940499306,16:24:57
normal,0.183653116226,16:24:57
public,0.201458215714,16:24:57
normal,1.41828298569,16:24:59
public,1.63988804817,16:25:00
normal,1.00546908379,16:25:01
public,1.8295211792,16:25:03
normal,0.410277843475,16:25:03
public,0.197048902512,16:25:04
normal,0.210038900375,16:25:04
public,3.45217895508,16:25:07
normal,0.208098173141,16:25:07
public,0.608305215836,16:25:08
normal,0.802852153778,16:25:09
public,1.83378601074,16:25:11
normal,0.808480024338,16:25:12
public,2.23888802528,16:25:14
normal,0.605463981628,16:25:14
public,1.01884293556,16:25:15
normal,1.01390218735,16:25:16
public,1.42622184753,16:25:18
normal,0.217026948929,16:25:18
public,1.61212396622,16:25:20
normal,0.399907112122,16:25:20
public,0.612711906433,16:25:21
normal,1.46079182625,16:25:22
public,2.27589392662,16:25:24
normal,1.341796875,16:25:26
public,1.83315992355,16:25:28
normal,0.406157970428,16:25:28
public,3.8704829216,16:25:32
normal,0.197999954224,16:25:32
public,1.62405800819,16:25:34
normal,1.62158703804,16:25:35
public,0.205341100693,16:25:36
normal,0.274519205093,16:25:37
public,0.0444898605347,16:25:37
normal,0.20453286171,16:25:38
public,1.22101688385,16:25:39
normal,1.62971591949,16:25:40
public,1.62182402611,16:25:42
normal,0.810631036758,16:25:43
public,0.210047006607,16:25:43
normal,1.82214307785,16:25:45
public,0.821091175079,16:25:46
normal,0.806883096695,16:25:47
public,0.420368909836,16:25:47
normal,1.21572399139,16:25:48
public,0.200432062149,16:25:48
normal,1.21153092384,16:25:50
public,0.615931034088,16:25:50
normal,2.03530311584,16:25:52
public,0.195276975632,16:25:52
normal,1.23175406456,16:25:54
public,4.25875687599,16:25:58
normal,1.01068711281,16:25:59
public,0.616730928421,16:26:00
normal,2.02216005325,16:26:02
public,0.214632987976,16:26:02
normal,0.598921060562,16:26:02
public,0.812195062637,16:26:03
normal,0.412305116653,16:26:04
public,0.400235176086,16:26:04
normal,0.203747987747,16:26:04
public,3.46786093712,16:26:08
normal,1.00826001167,16:26:09
public,0.206773996353,16:26:09
normal,0.80114197731,16:26:10
public,0.815557003021,16:26:11
normal,1.82585000992,16:26:12
public,0.814347028732,16:26:13
normal,0.608560085297,16:26:14
public,1.83073186874,16:26:16
normal,1.21555089951,16:26:17
public,6.30491304398,16:26:23
normal,1.51734209061,16:26:25
public,0.313311100006,16:26:25
normal,0.215412139893,16:26:25
public,0.804706096649,16:26:26
normal,0.615773200989,16:26:27
public,0.400770902634,16:26:27
normal,0.198196172714,16:26:27
public,0.203772068024,16:26:27
normal,0.604334115982,16:26:28
public,0.612873077393,16:26:29
normal,0.865599155426,16:26:29
public,0.96852016449,16:26:30
normal,0.333881855011,16:26:32
public,1.04569387436,16:26:34
normal,1.42238998413,16:26:36
public,0.209496974945,16:26:36
normal,2.02168107033,16:26:38
public,1.01835203171,16:26:39
normal,1.22023200989,16:26:40
public,1.43372917175,16:26:41
normal,0.192697048187,16:26:42
public,2.43746185303,16:26:44
normal,0.622586965561,16:26:45
public,0.392516136169,16:26:45
normal,0.204144954681,16:26:45
public,0.611669063568,16:26:46
normal,0.216644048691,16:26:46
public,3.8491358757,16:26:50
normal,2.44365501404,16:26:52
public,2.63402605057,16:26:55
normal,0.276790142059,16:26:55
public,0.131930828094,16:26:55
normal,0.203138113022,16:26:56
public,0.202664852142,16:26:56
normal,0.816174983978,16:26:57
public,3.4490480423,16:27:00
normal,0.204231977463,16:27:00
public,0.417595863342,16:27:01
normal,0.616545915604,16:27:01
public,0.183892011642,16:27:02
normal,0.610280990601,16:27:02
public,0.611479997635,16:27:03
normal,0.605226039886,16:27:03
public,0.816657066345,16:27:04
normal,0.205374002457,16:27:04
public,4.26675105095,16:27:09
normal,0.806621074677,16:27:09
public,0.81485414505,16:27:10
normal,0.83064699173,16:27:11
public,1.29839611053,16:27:14
normal,0.419449090958,16:27:15
public,0.998558044434,16:27:16
normal,0.81529211998,16:27:16
public,0.611762046814,16:27:17
normal,0.807821035385,16:27:18
public,0.211040973663,16:27:18
normal,0.200754165649,16:27:18
public,3.0468120575,16:27:21
normal,1.01359510422,16:27:22
public,1.83115005493,16:27:24
normal,0.810701131821,16:27:25
public,0.636641979218,16:27:26
normal,1.39875602722,16:27:27
public,1.02086114883,16:27:28
normal,0.80481004715,16:27:29
public,0.20306801796,16:27:29
normal,0.206359863281,16:27:29
public,0.813163042068,16:27:30
normal,1.21973395348,16:27:31
public,0.404459953308,16:27:32
normal,0.605656147003,16:27:32
public,0.408030033112,16:27:33
normal,0.204390048981,16:27:33
public,0.815084934235,16:27:34
normal,0.207418203354,16:27:34
public,3.85797095299,16:27:38
normal,0.635108947754,16:27:38
public,0.211595058441,16:27:39
normal,0.168285131454,16:27:39
public,0.202881813049,16:27:39
normal,0.202223777771,16:27:39
public,0.604377985001,16:27:40
normal,0.205512046814,16:27:40
public,0.203081130981,16:27:40
normal,0.202917098999,16:27:40
public,0.612666130066,16:27:41
normal,1.21656703949,16:27:42
public,1.42606115341,16:27:44
normal,0.603594779968,16:27:44
public,1.22581505775,16:27:45
normal,1.00748801231,16:27:46
public,0.614610910416,16:27:47
normal,1.04269909859,16:27:48
personal,0.583824872971,16:27:49
public,1.01967382431,16:27:50
normal,0.198249101639,16:27:50
public,0.813618898392,16:27:51
normal,1.01743197441,16:27:52
public,0.402542829514,16:27:52
normal,0.607969045639,16:27:53
public,7.12251591682,16:28:00
normal,0.802901029587,16:28:01
public,2.85445213318,16:28:04
normal,0.203929901123,16:28:04
public,0.200809955597,16:28:04
normal,0.419846057892,16:28:04
public,2.62362194061,16:28:07
personal,1.21774196625,16:28:08
normal,0.203985929489,16:28:08
public,1.01368713379,16:28:09
normal,0.608427047729,16:28:10
public,1.838504076,16:28:15
normal,0.205801010132,16:28:15
public,2.03190612793,16:28:17
normal,0.40243601799,16:28:17
personal,1.21940898895,16:28:18
public,2.44598817825,16:28:21
normal,0.69146490097,16:28:22
public,1.22543311119,16:28:23
normal,0.11243391037,16:28:23
public,0.254107952118,16:28:23
normal,0.756399154663,16:28:24
public,3.26180791855,16:28:27
normal,0.203445911407,16:28:27
public,1.21888208389,16:28:29
normal,0.602103948593,16:28:29
public,4.27274513245,16:28:33
normal,0.81085896492,16:28:34
public,0.202533960342,16:28:34
normal,0.810505151749,16:28:35
public,1.42839717865,16:28:37
normal,0.807277917862,16:28:37
public,2.64474105835,16:28:40
normal,0.405089855194,16:28:41
public,2.24030303955,16:28:43
normal,1.03118610382,16:28:44
public,0.18593287468,16:28:44
normal,0.202395200729,16:28:44
public,4.88285207748,16:28:49
normal,0.401566028595,16:28:49
public,3.05149579048,16:28:53
normal,0.203876018524,16:28:53
public,3.046022892,16:28:56
normal,0.203480958939,16:28:56
public,1.01819801331,16:28:57
normal,0.404507160187,16:28:57
public,0.408439159393,16:28:58
normal,0.250334024429,16:28:58
public,1.17985081673,16:28:59
normal,1.00270318985,16:29:00
public,1.42968010902,16:29:02
normal,1.82388091087,16:29:04
public,0.812750816345,16:29:04
normal,1.01386213303,16:29:05
public,5.49325704575,16:29:11
normal,0.203047990799,16:29:11
public,1.62414908409,16:29:13
normal,0.611361026764,16:29:13
public,1.21942400932,16:29:14
normal,1.42057085037,16:29:16
public,0.607838869095,16:29:17
normal,0.610590934753,16:29:17
personal,0.810109853745,16:29:18
public,0.405205011368,16:29:18
normal,0.610263824463,16:29:19
personal,0.622755050659,16:29:20
normal,1.2069029808,16:29:21
public,0.609866142273,16:29:21
normal,0.215187072754,16:29:23
public,0.102845907211,16:29:23
normal,0.418204069138,16:29:24
public,0.361814975739,16:29:25
normal,0.20720410347,16:29:25
public,0.40391087532,16:29:26
normal,0.483757972717,16:29:27
public,1.00046300888,16:29:28
personal,0.610939979553,16:29:28
public,0.206228017807,16:29:29
normal,0.626914978027,16:29:29
public,2.01454496384,16:29:31
normal,0.811742782593,16:29:32
public,0.204704046249,16:29:32
normal,0.000138998031616,16:29:33
public,0.749418973923,16:29:34
normal,0.203477859497,16:29:34
public,4.27059483528,16:29:38
close,0.816576957703,16:29:39
public,1.22951984406,16:29:40
normal,0.592206001282,16:29:41
public,1.02292299271,16:29:42
normal,1.01039910316,16:29:43
public,3.45417308807,16:29:46
normal,1.01842093468,16:29:47
public,1.62566304207,16:29:49
normal,0.608584165573,16:29:50
public,0.319689035416,16:29:51
normal,0.68807888031,16:29:51
public,0.526393175125,16:29:52
normal,0.0861179828644,16:29:52
public,0.168525934219,16:29:53
normal,0.35617685318,16:29:53
public,0.441946029663,16:29:55
normal,0.599285125732,16:29:56
public,0.815979957581,16:29:56
normal,2.04675316811,16:30:00
public,0.413370847702,16:30:00
normal,0.197562932968,16:30:00
public,2.20052599907,16:30:07
normal,0.820730924606,16:30:08
public,1.00252199173,16:30:09
normal,0.63752412796,16:30:10
public,0.203083992004,16:30:10
normal,0.983279943466,16:30:11
public,0.997095108032,16:30:15
normal,1.09629607201,16:30:17
public,1.54328608513,16:30:20
normal,0.203974962234,16:30:20
public,0.897562980652,16:30:22
normal,0.623143911362,16:30:22
public,0.179282903671,16:30:23
normal,0.263874053955,16:30:25
public,1.0721039772,16:30:26
normal,1.22156095505,16:30:28
public,0.82695889473,16:30:30
normal,1.01430010796,16:30:31
public,2.44519305229,16:30:33
normal,1.01564693451,16:30:34
public,1.01685214043,16:30:35
normal,0.204802036285,16:30:36
public,0.604755163193,16:30:36
normal,0.608986139297,16:30:37
public,1.62732386589,16:30:38
normal,0.404527902603,16:30:39
close,1.22110295296,16:30:40
public,5.07709312439,16:30:45
normal,19.5169050694,16:31:05
public,1.01970100403,16:31:06
normal,1.00962805748,16:31:07
public,12.4368810654,16:31:27
normal,1.11453390121,16:31:28
public,0.387279033661,16:32:28
personal,3.1556122303,16:32:39
public,3.65850687027,16:32:43
close,0.647067070007,16:32:44
public,1.1759121418,16:32:45
close,2.57730102539,16:33:10
public,2.20026183128,16:33:12
personal,1.30889391899,16:33:13
public,0.161961078644,16:33:17
close,1.40668606758,16:33:18
normal,0.209133148193,16:33:19
public,4.59909892082,16:33:24
close,12.4233169556,16:33:56
public,0.89423418045,16:36:43
personal,0.317183971405,16:36:44
public,2.98098897934,16:37:06
normal,0.806777954102,16:37:07
public,0.535567998886,16:37:16
normal,0.960506916046,16:37:18
public,4.20256090164,16:37:36
close,0.353410005569,16:37:40
public,0.263266801834,16:38:29
personal,0.146209955215,16:38:31
public,4.15607023239,16:38:45
personal,0.125160932541,16:38:47
public,0.371866941452,16:38:52
normal,0.368759155273,16:38:53
public,0.832453012466,16:39:56
normal,1.42144298553,16:39:57
public,2.16401696205,16:40:14
personal,1.99630999565,16:41:31
close,1.54391813278,16:41:37
personal,3.04578399658,16:41:40
close,4.07572412491,16:41:44
personal,0.598047018051,16:41:44
close,1.15267682076,16:41:55
public,0.294239044189,16:41:56
normal,0.317409038544,16:41:56
close,1.82585692406,16:41:58
normal,3.45384192467,16:42:01
public,4.49399113655,16:42:06
close,0.507021188736,16:42:07
public,0.946664094925,16:42:09
personal,1.01362395287,16:42:10
close,0.292723894119,16:42:10
normal,0.539044141769,16:42:12
close,0.301969051361,16:42:18
normal,0.258105039597,16:42:20
close,0.203715801239,16:42:21
normal,0.00319600105286,16:42:21
close,0.443473100662,16:42:23
normal,0.44700884819,16:42:24
close,0.83313703537,16:42:24
normal,0.107786893845,16:42:26
close,0.641817808151,16:42:26
normal,1.04105687141,16:42:28
close,0.45436501503,16:42:29
personal,0.207565069199,16:42:31
normal,0.024053812027,16:42:31
close,0.607067108154,16:42:32
normal,0.206852197647,16:42:32
close,1.21643877029,16:42:33
normal,0.629890203476,16:42:34
close,0.383755207062,16:42:34
normal,0.217260837555,16:42:34
close,0.201393127441,16:42:36
normal,1.87837600708,16:42:38
close,0.881826877594,16:42:42
normal,0.176993131638,16:42:42
close,1.420347929,16:42:43
normal,0.406303882599,16:42:44
close,1.68122696877,16:42:48
normal,2.64361906052,16:42:51
close,1.44674420357,16:42:52
normal,0.379513978958,16:42:53
close,1.63806819916,16:42:54
normal,2.25775003433,16:42:58
close,0.888710021973,16:42:59
normal,0.738838911057,16:42:59
public,0.283625841141,16:43:00
personal,2.23276591301,16:43:02
public,1.62244606018,16:43:04
normal,2.44366621971,16:43:06
public,0.0473330020905,16:43:07
normal,0.212729930878,16:43:07
public,1.61820411682,16:43:08
normal,0.619282007217,16:43:09
public,0.137511014938,16:43:10
normal,0.101016998291,16:43:10
public,1.41683697701,16:43:11
normal,0.818696022034,16:43:12
close,0.10191488266,16:43:13
personal,0.709949016571,16:43:14
close,4.06419801712,16:43:18
public,0.228530883789,16:43:18
normal,1.00533890724,16:43:19
public,0.394309997559,16:43:20
normal,1.6253619194,16:43:21
public,0.813366889954,16:43:22
normal,1.0503590107,16:43:23
public,0.277284145355,16:43:24
normal,1.11163806915,16:43:25
close,2.23388600349,16:43:27
public,6.14627599716,16:44:10
personal,1.82710719109,16:44:11
public,8.86975693703,16:44:32
normal,0.675024032593,16:44:33
personal,0.951553106308,16:44:34
close,2.43640589714,16:44:36
normal,2.24594712257,16:44:39
public,0.600534915924,16:44:39
normal,5.68767499924,16:44:45
public,0.203576803207,16:44:45
normal,0.613385915756,16:44:46
close,0.21328496933,16:44:46
normal,0.19319486618,16:44:46
close,0.203716039658,16:44:46
normal,3.04201793671,16:44:49
public,0.203896999359,16:44:50
normal,4.0622689724,16:44:54
public,14.8490409851,16:45:09
normal,0.43067908287,16:45:09
personal,0.539600133896,16:45:12
public,1.51343917847,16:46:00
normal,2.72013711929,16:46:21
public,1.63718700409,16:46:22
normal,0.765108108521,16:46:23
public,1.06368207932,16:46:24
normal,0.758287191391,16:46:25
public,0.405364990234,16:46:25
normal,0.406430006027,16:46:26
public,1.01590204239,16:46:27
normal,0.204376935959,16:46:27
public,1.22379398346,16:46:28
normal,9.76480698586,16:46:38
personal,1.00214004517,16:46:39
normal,5.30771183968,16:46:44
public,0.593904972076,16:46:45
normal,6.11400699615,16:46:51
public,19.2204039097,16:47:43
normal,0.819804906845,16:47:44
public,0.0561270713806,16:47:51
public,0.126338005066,16:51:25
personal,5.69193005562,16:58:43
public,0.203535079956,16:58:43
personal,4.5016310215,16:58:48
public,9.5062661171,16:58:57
personal,0.406769990921,16:58:58
public,0.410242795944,16:58:58
personal,72.2785220146,17:00:10
close,0.21660900116,17:00:11
personal,10.9506120682,17:00:22
public,8.43802905083,17:01:14
normal,0.597807884216,17:01:14
public,3.05789613724,17:01:17
normal,1.01402807236,17:01:18
public,1.83263587952,17:01:20
normal,0.625998973846,17:01:21
public,58.3799300194,17:03:43
normal,3.03896403313,17:04:28
public,0.607012033463,17:04:29
normal,0.195410013199,17:04:29
public,1.25394701958,17:04:32
normal,0.607295036316,17:04:32
public,0.0565500259399,17:04:33
normal,0.210168123245,17:04:34
public,0.203104019165,17:04:34
normal,1.75662207603,17:04:48
public,12.2822220325,17:07:01
personal,2.23534917831,17:07:03
public,0.217585086823,17:07:06
normal,0.358911991119,17:07:07
close,0.810093164444,17:07:08
public,1.54868507385,17:07:12
close,1.12291002274,17:07:15
personal,0.814965009689,17:07:15
public,0.401955842972,17:07:16
personal,0.0912661552429,17:07:23
close,0.134103059769,17:07:23
personal,1.56818914413,17:07:38
normal,0.300853013992,17:07:38
personal,0.607361078262,17:07:39
normal,0.204748153687,17:07:39
close,0.405735969543,17:07:40
personal,28.3663840294,17:08:48
public,1.69433903694,17:08:49
close,1.3297688961,17:08:51
public,0.411293029785,17:08:51
normal,0.607620000839,17:08:52
close,1.41766500473,17:08:53
normal,2.45175099373,17:08:56
close,1.20801401138,17:08:57
normal,5.5077290535,17:09:02
close,1.0514190197,17:09:03
personal,2.99682307243,17:09:06
close,1.21391797066,17:09:07
public,0.814832925797,17:09:08
personal,3.86143398285,17:09:12
normal,0.608207941055,17:09:13
close,1.42698597908,17:09:14
public,9.55584096909,17:09:24
personal,7.52013707161,17:09:31
normal,0.811685085297,17:09:32
public,2.44775891304,17:09:48
normal,0.810500860214,17:09:49
public,9.14574599266,17:09:58
personal,0.410091161728,17:09:58
public,10.1942150593,17:10:46
personal,0.640244960785,17:10:46
public,68.3762891293,17:13:09
personal,0.806464910507,17:13:09
public,13.1711690426,17:13:52
personal,2.43918395042,17:13:54
close,4.88336801529,17:13:59
personal,33.2760658264,17:14:36
close,1.02339696884,17:14:37
personal,2.22870397568,17:14:39
close,0.409158945084,17:14:40
personal,1.2197329998,17:14:41
close,0.204571962357,17:14:41
personal,8.13497900963,17:14:49
public,0.148222923279,17:15:21
normal,0.46293091774,17:15:21
close,2.68096184731,17:15:24
public,2.13725304604,17:15:26
normal,1.83235311508,17:15:28
close,0.522639036179,17:15:29
public,1.29403591156,17:15:35
normal,0.609124183655,17:15:36
personal,0.335901975632,17:15:36
close,1.61327195168,17:15:50
normal,0.175127029419,17:15:50
close,0.941411018372,17:15:56
normal,0.149726867676,17:15:56
close,1.62485313416,17:15:58
normal,0.321365833282,17:15:59
close,0.20378613472,17:15:59
normal,0.137659072876,17:16:00
public,1.79034209251,17:16:02
personal,0.201534986496,17:16:03
normal,0.417963027954,17:16:03
personal,0.991806030273,17:16:04
normal,0.730881929398,17:16:05
public,0.0826578140259,17:16:05
normal,9.47006201744,17:16:17
public,0.172972917557,17:16:17
normal,1.82838606834,17:16:19
public,0.40398311615,17:16:19
normal,0.638808012009,17:16:20
public,0.180032014847,17:16:20
normal,5.2814180851,17:16:25
public,0.408519983292,17:16:26
normal,3.75695800781,17:16:30
public,0.91992688179,17:16:30
normal,3.86942005157,17:16:34
public,0.194092035294,17:16:35
normal,3.24748706818,17:16:38
personal,1.08550190926,17:16:39
normal,1.05587100983,17:16:40
public,0.409960031509,17:16:41
normal,0.0845091342926,17:16:45
public,0.405213117599,17:16:46
normal,2.28012084961,17:16:52
close,0.204198122025,17:16:52
personal,2.23547005653,17:16:54
close,0.610939025879,17:16:55
public,3.35094404221,17:16:59
normal,3.05174708366,17:17:02
public,0.401731014252,17:17:03
close,21.6976211071,17:17:29
personal,2.21204805374,17:17:32
close,4.27159404755,17:17:36
normal,0.412154912949,17:17:36
close,12.3963880539,17:17:49
personal,2.04019498825,17:17:51
close,0.804358005524,17:17:52
personal,0.361890077591,17:17:56
close,2.0961561203,17:17:58
public,0.635690927505,17:17:59
close,2.11978197098,17:18:03
public,5.49227499962,17:18:08
close,0.205572128296,17:18:08
personal,4.67893195152,17:18:13
normal,0.399220943451,17:18:13
close,1.84486794472,17:18:15
personal,0.390217065811,17:18:16
close,0.611129045486,17:18:16
personal,1.21740603447,17:18:17
close,6.75148200989,17:18:24
normal,0.177532911301,17:18:24
close,0.513930082321,17:18:29
personal,1.0090470314,17:18:30
close,0.646677970886,17:18:31
personal,0.168778896332,17:18:31
close,0.120246887207,17:18:34
personal,2.24813008308,17:18:37
close,3.03340888023,17:18:40
personal,0.0279188156128,17:18:42
close,4.45590496063,17:18:47
personal,14.6650989056,17:19:02
close,9.31200098991,17:19:35
personal,3.8581829071,17:19:39
close,15.8582110405,17:19:55
personal,6.17332601547,17:20:04
close,3.25731801987,17:20:07
personal,1.21612906456,17:20:08
close,1.01832699776,17:20:09
personal,1.61995506287,17:20:11
close,0.614104032516,17:20:11
personal,2.4360499382,17:20:14
close,8.3858590126,17:20:22
personal,4.65386295319,17:20:27
close,13.7060542107,17:20:51
personal,3.25184416771,17:20:55
normal,0.4044880867,17:20:55
close,7.11664915085,17:21:02
personal,1.21583509445,17:21:03
public,0.415027856827,17:21:04
normal,0.399405956268,17:21:04
close,3.58874082565,17:21:09
personal,1.25739002228,17:21:10
public,0.562343120575,17:21:11
personal,8.543405056,17:21:52
public,2.13306212425,17:22:07
normal,0.391597032547,17:22:08
close,0.204243898392,17:22:08
personal,18.9456429482,17:22:35
public,21.1546270847,17:23:33
normal,1.21520113945,17:23:34
public,8.68070101738,17:23:43
normal,0.794965982437,17:23:44
public,1.21626710892,17:23:45
close,0.469600915909,17:23:46
personal,2.99065899849,17:23:49
normal,0.613801002502,17:23:49
close,2.2270450592,17:23:52
normal,0.205051898956,17:23:52
close,1.01882886887,17:23:53
personal,2.03051805496,17:23:55
normal,0.403274059296,17:23:55
close,0.419557094574,17:23:56
personal,1.63461995125,17:23:57
close,2.0225610733,17:23:59
normal,0.192035198212,17:24:00
close,0.203046798706,17:24:00
personal,1.21845602989,17:24:01
close,1.01529383659,17:24:02
public,0.815650939941,17:24:03
normal,0.20551109314,17:24:03
close,1.41562700272,17:24:04
public,0.813406944275,17:24:05
personal,0.626383066177,17:24:06
close,0.204952001572,17:24:06
personal,0.0442740917206,17:24:16
close,0.0454361438751,17:24:17
personal,1.41427493095,17:24:18
normal,0.211534976959,17:24:19
close,1.6374168396,17:24:20
personal,2.26083993912,17:24:23
close,2.59793400764,17:24:25
public,0.813173055649,17:24:26
close,1.83395600319,17:24:28
personal,15.2668330669,17:24:54
public,1.25686311722,17:24:55
normal,0.17428612709,17:24:55
public,0.602283000946,17:24:56
normal,1.22375392914,17:24:57
close,0.203924179077,17:24:57
normal,0.208246946335,17:24:57
close,1.81847786903,17:24:59
normal,0.204484939575,17:24:59
close,6.50302004814,17:25:06
normal,2.23902797699,17:25:08
close,3.24398708344,17:25:11
public,1.2244849205,17:25:13
close,1.83973908424,17:25:14
public,0.391541004181,17:25:15
close,1.22284817696,17:25:16
normal,0.20143198967,17:25:16
close,0.815546035767,17:25:17
personal,3.04145312309,17:25:20
close,1.6054008007,17:25:22
personal,2.288834095,17:25:24
public,0.363056898117,17:25:24
normal,0.422832012177,17:25:25
close,1.21577095985,17:25:26
personal,2.52517390251,17:25:29
normal,0.812828063965,17:25:30
close,2.23228883743,17:25:32
public,0.609036207199,17:25:33
close,1.01962709427,17:25:34
normal,0.412747859955,17:25:35
close,1.82229208946,17:25:36
public,1.01448702812,17:25:37
normal,0.404701948166,17:25:38
close,3.32433986664,17:25:41
public,1.34409594536,17:25:43
normal,0.80778002739,17:25:44
public,0.610589027405,17:25:44
normal,1.02179908752,17:25:45
public,0.618787050247,17:25:46
normal,1.20615506172,17:25:47
public,0.406108856201,17:25:48
normal,0.441539049149,17:25:50
close,0.406669855118,17:25:50
personal,0.811594963074,17:25:51
public,2.86825704575,17:29:29
personal,33.5942399502,17:30:38
public,21.6252379417,17:31:11
normal,0.608774185181,17:31:12
public,0.408747911453,17:31:12
normal,0.431249141693,17:31:13
close,4.24105286598,17:31:17
normal,29.6785378456,17:31:47
close,1.82688498497,17:31:48
normal,2.26908516884,17:31:51
close,1.79359602928,17:31:52
public,1.42489099503,17:31:54
close,0.20359992981,17:31:54
personal,1.21779298782,17:31:55
close,17.2955591679,17:32:13
personal,8.34933996201,17:32:21
close,3.64571809769,17:32:25
personal,3.86674404144,17:32:28
close,3.65657520294,17:32:32
personal,387.345924854,17:39:32
normal,0.633582830429,17:39:32
personal,20.4152810574,17:39:53
public,12.0579888821,17:43:02
personal,31.7334439754,17:43:34
public,0.407563924789,17:43:35
personal,1.20990896225,17:43:36
normal,0.470247030258,17:43:36
personal,56.8587529659,17:46:23
public,0.199202060699,17:46:23
personal,1.42750501633,17:46:37
normal,0.815492868423,17:46:38
personal,0.613163948059,17:46:38
public,1.67359185219,17:46:40
personal,1.87238097191,17:46:42
public,1.15499186516,17:46:43
personal,10.141149044,17:46:53
close,3.85914587975,17:46:57
personal,1.46787500381,17:47:01
public,0.609048843384,17:47:01
personal,12.8134858608,17:48:19
public,0.553182840347,17:48:20
personal,18.9176609516,17:48:39
public,0.407008171082,17:48:39
personal,3.04345488548,17:48:42
public,0.61429810524,17:48:43
normal,0.416479825974,17:48:43
personal,2.01835298538,17:48:45
public,0.408754110336,17:48:46
normal,0.207565069199,17:48:46
public,0.208529949188,17:48:46
normal,0.394580841064,17:48:47
personal,4.81015896797,17:49:11
normal,0.610656023026,17:49:11
personal,3.83218789101,17:50:02
public,1.22487092018,17:50:03
personal,5.7392270565,17:50:40
normal,0.599988937378,17:50:41
public,0.416126012802,17:50:41
normal,1.00413894653,17:50:42
public,5.69713401794,17:50:48
close,0.806457996368,17:50:49
public,7.19800806046,17:51:15
personal,0.710098028183,17:51:18
public,4.46179318428,17:51:36
personal,0.810990810394,17:51:37
public,8.12858390808,17:51:45
close,0.20395898819,17:51:45
personal,1.42210507393,17:51:46
public,29.5909619331,17:56:23
personal,0.560502052307,17:56:23
public,10.2916390896,18:00:16
personal,0.186261892319,18:00:17
public,1.39459705353,18:00:19
normal,1.6615319252,18:00:20
public,4.06427121162,18:00:52
close,2.77285504341,18:00:55
personal,5.3911318779,18:01:04
close,1.60641288757,18:01:15
personal,1.82015395164,18:01:17
normal,1.1957359314,18:01:24
close,0.734791040421,18:01:24
public,3.32021307945,18:01:34
personal,0.449096918106,18:01:34
public,1.97193598747,18:01:41
normal,0.796848058701,18:01:42
public,2.94738602638,18:01:45
personal,0.598299980164,18:01:46
public,0.818661928177,18:01:47
normal,1.41752815247,18:01:48
public,0.655021190643,18:01:50
personal,3.66074514389,18:01:54
public,4.66907310486,18:01:58
close,1.43059015274,18:02:00
personal,0.827367067337,18:02:14
close,1.83748197556,18:02:17
public,2.25611805916,18:02:19
normal,0.369510889053,18:02:20
public,9.19281792641,18:02:46
normal,0.635926008224,18:02:46
public,8.71057987213,18:02:55
normal,0.214865922928,18:02:55
public,0.193181991577,18:02:55
normal,0.50378203392,18:02:56
close,3.15282392502,18:02:59
personal,1.82606291771,18:03:01
close,0.898556947708,18:03:05
public,1.35302495956,18:03:06
normal,0.407977104187,18:03:06
close,0.606933116913,18:03:07
normal,0.219311952591,18:03:07
close,1.40651011467,18:03:09
normal,0.61082816124,18:03:09
public,0.412817955017,18:03:10
normal,0.602048873901,18:03:10
public,0.203938007355,18:03:10
normal,3.05291795731,18:03:13
close,1.21377396584,18:03:15
normal,3.65688896179,18:03:18
public,0.412328004837,18:03:19
normal,1.41776204109,18:03:20
public,0.408356904984,18:03:21
normal,0.80917596817,18:03:21
public,0.408746957779,18:03:22
normal,1.0476641655,18:03:23
public,0.379306077957,18:03:23
normal,0.747205972672,18:03:24
personal,0.273723840714,18:03:24
normal,1.82526803017,18:03:26
public,0.82372379303,18:03:27
normal,3.65431189537,18:03:31
close,0.0508940219879,18:03:32
normal,1.07562279701,18:03:33
close,1.4372780323,18:03:34
public,0.593334913254,18:03:35
normal,0.202960014343,18:03:35
public,0.218463182449,18:03:35
normal,0.190038919449,18:03:36
public,0.410138130188,18:03:36
normal,1.0124540329,18:03:37
public,3.65589499474,18:03:41
normal,0.607890129089,18:03:41
public,18.0939700603,18:03:59
normal,0.682645082474,18:04:00
personal,0.330824136734,18:04:00
public,0.404758930206,18:04:01
personal,1.82989597321,18:04:03
close,0.204531908035,18:04:03
personal,4.2708170414,18:04:07
normal,1.21833300591,18:04:08
personal,11.0926589966,18:04:19
close,1.10531592369,18:04:21
personal,0.811647891998,18:04:21
close,0.545073986053,18:04:22
personal,28.6920490265,18:04:54
close,0.225542068481,18:04:54
personal,0.331780195236,18:11:33
public,1.12027907372,18:11:41
normal,0.593825101852,18:11:42
public,1.66746401787,18:13:02
personal,0.508728027344,18:13:04
public,0.259845972061,18:13:05
personal,0.973786830902,18:13:06
public,3.39403605461,18:13:10
normal,1.00309491158,18:13:11
public,0.328750133514,18:13:14
normal,3.49096107483,18:13:18
public,0.159543037415,18:13:18
normal,3.69482493401,18:13:21
close,1.86948609352,18:13:23
normal,0.180591821671,18:13:23
close,1.07963585854,18:13:25
public,1.35374999046,18:13:26
normal,3.63964891434,18:13:30
public,0.783502101898,18:13:30
normal,5.36106109619,18:13:36
public,0.93917298317,18:13:37
normal,1.01439094543,18:13:38
public,0.204278945923,18:13:38
normal,0.91338300705,18:13:39
public,0.507924079895,18:13:39
normal,0.808449029922,18:13:40
public,0.817090988159,18:13:41
normal,1.63894510269,18:13:45
public,0.159267902374,18:13:45
normal,0.978177070618,18:13:46
public,1.75534701347,18:13:50
normal,1.21957111359,18:13:51
public,0.421154975891,18:13:51
normal,0.19266295433,18:13:52
public,0.201881170273,18:13:52
normal,1.39380097389,18:13:54
public,0.196480035782,18:13:54
normal,0.491280078888,18:14:02
public,0.216542959213,18:14:02
normal,1.20118713379,18:14:09
personal,1.80193185806,18:14:11
public,0.567912817001,18:14:12
close,0.202024936676,18:14:12
personal,2.07007789612,18:14:15
close,1.634141922,18:14:19
normal,1.22257184982,18:14:20
close,1.02446889877,18:14:21
normal,1.42101311684,18:14:22
close,0.198120117188,18:14:23
normal,1.01502490044,18:14:24
public,0.641585111618,18:14:24
normal,0.339704036713,18:14:25
public,0.437704086304,18:14:25
normal,0.609837055206,18:14:26
public,0.404000997543,18:14:26
normal,0.583575963974,18:14:27
public,1.22341990471,18:14:28
normal,0.807681083679,18:14:29
public,5.90278196335,18:14:35
normal,0.199407815933,18:14:35
public,3.20848321915,18:14:49
normal,2.94280195236,18:15:02
close,1.02423191071,18:15:03
personal,2.19385409355,18:15:14
close,0.204124927521,18:15:15
personal,1.98726511002,18:15:18
public,2.40902590752,18:15:21
personal,1.65999603271,18:15:23
close,9.29832458496e-05,18:15:24
normal,0.706249952316,18:15:25
public,1.19445705414,18:15:26
close,2.45331001282,18:15:29
public,0.420922994614,18:15:31
normal,0.601834058762,18:15:31
close,0.0102510452271,18:15:32
personal,2.47481012344,18:15:35
close,0.159403800964,18:15:35
personal,0.607304811478,18:15:35
close,2.83972501755,18:15:38
normal,0.616651058197,18:15:40
public,1.42462682724,18:15:42
close,3.05493712425,18:15:45
personal,0.611682891846,18:15:45
close,2.83868503571,18:15:48
normal,0.546354055405,18:15:50
public,0.619801998138,18:15:51
normal,0.327651023865,18:15:53
public,0.321805000305,18:15:53
normal,0.907265901566,18:15:54
public,0.246863126755,18:15:54
normal,0.430204868317,18:15:55
public,0.784842967987,18:15:56
normal,0.62039399147,18:15:56
personal,1.40946412086,18:15:58
public,1.2505531311,18:15:59
close,0.231575965881,18:15:59
personal,1.61038994789,18:16:01
close,2.04754185677,18:16:03
normal,0.754411935806,18:16:04
close,1.82139992714,18:16:06
normal,1.10912013054,18:16:07
close,0.919564962387,18:16:08
normal,0.202463150024,18:16:08
close,0.829392910004,18:16:09
personal,1.42484211922,18:16:10
normal,0.000125885009766,18:16:11
personal,1.8593378067,18:17:00
normal,0.557571172714,18:17:00
personal,1.0219771862,18:17:01
close,0.210412025452,18:17:01
personal,6.90212583542,18:17:08
normal,0.404620885849,18:17:09
public,0.2155418396,18:17:09
normal,2.42626404762,18:17:11
public,3.06245994568,18:17:19
normal,0.201866865158,18:17:19
close,0.815966844559,18:17:20
personal,1.30928587914,18:17:33
normal,0.495409011841,18:17:34
personal,0.518249034882,18:17:34
public,4.53037405014,18:17:48
personal,0.100472927094,18:20:55
public,0.187278032303,18:20:55
personal,0.0711460113525,18:21:06
normal,0.275167942047,18:21:06
personal,7.73253679276,18:21:53
close,0.203357934952,18:21:53
personal,1.01156711578,18:24:13
normal,0.321756839752,18:24:14
public,0.615720033646,18:24:14
personal,1.09172701836,18:24:15
public,0.819405078888,18:24:16
personal,2.96744990349,18:24:19
close,0.195431947708,18:24:19
personal,1.62886595726,18:24:21
close,2.92237901688,18:24:24
personal,2.69873404503,18:25:03
normal,0.384896993637,18:25:04
public,0.621039867401,18:25:04
normal,1.00519800186,18:25:05
public,0.604444026947,18:25:06
close,0.205189943314,18:25:06
personal,0.473097801208,18:25:08
normal,1.76155400276,18:25:10
close,0.972934007645,18:25:11
normal,0.0730180740356,18:25:13
close,0.407981157303,18:25:14
personal,10.5143661499,18:25:44
close,0.249781131744,18:25:44
personal,16.4443969727,18:26:00
public,0.392482995987,18:26:01
personal,4.32326412201,18:28:47
close,0.071475982666,18:28:47
personal,1.17200803757,18:30:38
public,0.580113887787,18:30:39
normal,0.605163097382,18:30:40
public,17.8985300064,18:31:09
normal,0.591440916061,18:31:09
public,0.113932132721,18:31:25
public,21.0978958607,18:32:39
normal,0.403332948685,18:32:39
close,0.61140203476,18:32:40
public,0.404366970062,18:32:40
personal,0.608984947205,18:32:41
public,1.03857803345,18:32:46
personal,11.4282419682,18:32:59
close,15.0463290215,18:33:14
personal,0.389304876328,18:33:17
public,0.580471992493,18:33:18
personal,4.14307713509,18:33:22
public,0.69842004776,18:33:44
close,0.204154968262,18:33:44
normal,0.612056970596,18:33:45
close,0.419245004654,18:33:45
personal,2.35204195976,18:33:54
close,0.204552173615,18:33:54
personal,1.82778501511,18:33:56
normal,0.213293075562,18:33:56
close,15.4519059658,18:34:12
normal,0.59456205368,18:34:12
close,4.74731206894,18:34:27
personal,1.01392102242,18:34:28
close,1.05006694794,18:35:49
personal,0.504899024963,18:35:50
close,0.531610965729,18:35:53
personal,0.807003974915,18:35:54
close,0.815066099167,18:35:55
personal,0.203939914703,18:35:55
close,10.0537960529,18:36:23
personal,1.8043949604,18:36:39
close,2.07496595383,18:36:47
personal,0.65011882782,18:36:49
close,1.87452578545,18:36:51
personal,0.246180057526,18:36:53
close,2.07684183121,18:36:56
personal,1.07983398438,18:36:57
public,0.0751922130585,18:37:38
close,0.711939096451,18:39:57
personal,3.08081007004,18:40:00
normal,4.88332414627,18:40:05
close,1.01030492783,18:40:06
normal,0.609374046326,18:40:07
close,0.403197050095,18:40:07
normal,1.43251395226,18:40:08
close,2.4300699234,18:40:11
normal,1.64550590515,18:40:13
close,0.590704917908,18:40:13
normal,0.205057144165,18:40:13
close,0.809511184692,18:40:14
normal,2.84601712227,18:40:17
close,0.205165863037,18:40:17
personal,1.0128428936,18:40:18
close,2.70184087753,18:40:21
personal,0.67040014267,18:41:48
public,0.174587011337,18:41:48
normal,0.212193012238,18:41:48
public,0.69553399086,18:41:49
normal,4.04231405258,18:41:56
public,2.03580093384,18:41:58
normal,1.41898298264,18:42:00
public,1.09994387627,18:42:03
normal,0.612274885178,18:42:03
public,0.201709032059,18:42:04
normal,0.607358932495,18:42:04
public,0.554398059845,18:42:05
normal,0.753978967667,18:42:06
public,1.22929191589,18:42:07
normal,0.193860054016,18:42:07
public,1.14421701431,18:42:12
normal,0.15246295929,18:42:12
public,0.682704925537,18:42:13
normal,0.203669071198,18:42:14
public,1.21741080284,18:42:15
normal,0.203880786896,18:42:15
close,0.168020963669,18:42:19
public,0.171929836273,18:42:19
normal,7.70097303391,18:42:30
personal,0.610434055328,18:42:31
normal,0.472345113754,18:43:09
close,0.208901166916,18:43:09
normal,4.1124329567,18:43:50
close,0.813983917236,18:43:51
normal,4.87106513977,18:43:56
close,3.65399599075,18:44:00
personal,3.25820803642,18:44:03
close,5.48230099678,18:44:09
normal,0.202726840973,18:44:09
close,8.33570194244,18:44:17
normal,0.405084848404,18:44:17
close,5.07891583443,18:44:23
normal,0.443273067474,18:44:23
close,0.269932031631,18:44:30
normal,0.37717294693,18:44:30
close,3.24941420555,18:44:34
normal,0.203680992126,18:44:34
close,4.26896500587,18:44:38
normal,0.203466892242,18:44:38
close,2.03266310692,18:44:40
normal,0.205281972885,18:44:40
close,2.02473592758,18:44:42
normal,0.408727169037,18:44:43
close,1.21656107903,18:44:44
normal,0.612607002258,18:44:45
close,1.21739506721,18:44:46
normal,0.203121900558,18:44:46
close,2.86603808403,18:44:49
normal,0.181432008743,18:44:49
close,3.65761613846,18:44:53
normal,0.204249858856,18:44:53
close,18.9052329063,18:45:12
normal,0.6146941185,18:45:13
close,3.72918319702,18:45:16
normal,0.133786916733,18:45:16
close,0.631890058517,18:45:17
normal,0.176328897476,18:45:17
close,0.808226108551,18:45:18
normal,1.42408108711,18:45:19
close,17.8836419582,18:45:37
normal,1.19409608841,18:45:40
close,0.200835943222,18:45:40
normal,0.154475927353,18:45:45
close,0.0134029388428,18:45:45
normal,0.0984790325165,18:45:46
close,0.240633010864,18:45:47
normal,1.14648199081,18:45:51
close,1.22266697884,18:45:53
normal,0.402534008026,18:45:53
close,0.405836105347,18:45:53
personal,3.6555249691,18:45:57
close,17.1501719952,18:46:14
personal,0.0059859752655,18:46:29
close,0.503439188004,18:46:29
personal,0.399486780167,18:46:31
close,0.191452026367,18:46:31
normal,0.834939956665,18:46:33
public,0.595901966095,18:46:33
normal,5.66206812859,18:46:44
close,0.803039073944,18:46:45
normal,2.03508090973,18:46:47
close,0.644051074982,18:46:48
normal,40.2174479961,18:47:28
close,0.204061985016,18:47:28
normal,14.4953598976,18:47:47
public,0.203263044357,18:47:47
normal,2.26247096062,18:48:09
public,0.605736017227,18:48:10
normal,0.203078985214,18:48:10
close,0.611654996872,18:48:11
normal,4.00220680237,18:48:40
public,0.816630125046,18:48:41
normal,4.87633609772,18:48:46
personal,3.25206708908,18:48:49
close,0.00906586647034,18:48:51
personal,1.46175193787,18:48:55
normal,1.08582687378,18:48:56
personal,0.0431301593781,18:49:50
public,0.292335987091,18:49:57
normal,0.803755998611,18:49:58
public,0.608556032181,18:49:58
normal,5.08303689957,18:50:03
close,0.606570005417,18:50:04
normal,2.65178513527,18:50:07
close,1.20842194557,18:50:08
normal,0.817424058914,18:50:09
close,1.64465308189,18:50:11
normal,0.627188920975,18:50:11
public,0.390823125839,18:50:12
normal,0.408088922501,18:50:12
close,1.01490306854,18:50:13
normal,4.45963191986,18:50:23
public,0.20317196846,18:50:23
normal,0.268690824509,18:50:51
personal,0.635653972626,18:50:52
public,0.79515004158,18:50:53
normal,0.393532037735,18:50:53
personal,0.303229808807,18:50:55
public,0.323317050934,18:50:58
close,0.0535879135132,18:50:59
normal,0.844355821609,18:51:00
personal,0.788702011108,18:51:01
normal,1.41651415825,18:51:41
personal,1.01631903648,18:51:42
normal,7.95595502853,18:52:07
personal,1.01837086678,18:52:08
normal,0.0566520690918,18:52:08
close,0.0582060813904,18:52:09
personal,0.705724954605,18:52:28
close,0.410315990448,18:52:28
personal,1.00638103485,18:53:38
close,0.403133869171,18:53:38
personal,0.186524152756,18:55:06
public,0.3578748703,18:55:07
normal,0.410578012466,18:55:07
close,0.119420051575,18:55:09
public,0.813175916672,18:55:10
close,0.545402050018,18:55:11
personal,0.325128078461,18:55:13
close,2.86091399193,18:55:15
personal,8.64140987396,18:57:23
normal,0.0158820152283,18:57:25
public,0.204329013824,18:57:25
normal,0.543370008469,18:57:29
public,0.194144010544,18:57:29
normal,0.749725103378,18:57:32
public,0.0405580997467,18:57:34
normal,1.42269897461,18:57:35
public,0.131535768509,18:57:35
normal,3.537348032,18:57:40
public,0.20051407814,18:57:41
normal,0.408108949661,18:57:42
personal,3.17597699165,18:57:46
public,1.21759605408,18:57:47
normal,0.204659938812,18:57:47
public,3.86313390732,18:57:51
normal,1.02179789543,18:57:52
public,0.603190898895,18:57:52
normal,0.613435029984,18:57:54
personal,1.39360404015,18:57:57
normal,2.09198784828,18:58:16
personal,0.432744026184,18:58:17
normal,0.919819116592,18:58:22
public,0.406022071838,18:58:23
normal,0.628180980682,18:58:23
public,0.398246049881,18:58:24
normal,2.47948884964,18:58:29
public,0.000108957290649,18:58:30
normal,0.0299530029297,18:58:30
public,0.604960203171,18:58:30
normal,19.7418990135,18:58:50
close,0.995134830475,18:58:51
normal,1.63556814194,18:58:53
close,1.41084599495,18:58:54
normal,0.954018115997,18:58:56
close,0.72759604454,18:58:58
normal,2.42476701736,18:59:01
public,1.33259010315,18:59:02
close,0.570512056351,18:59:26
normal,0.171460866928,18:59:27
close,0.810868024826,18:59:28
normal,1.04695010185,18:59:29
close,1.99968314171,18:59:39
normal,1.12374806404,18:59:41
public,1.82981300354,18:59:47
normal,0.815011978149,18:59:48
public,1.03345298767,18:59:52
normal,0.399878978729,18:59:52
public,1.85901689529,18:59:54
normal,1.00237488747,18:59:55
public,1.20913481712,18:59:56
normal,1.01108407974,18:59:57
public,3.5792028904,19:00:02
normal,0.811361074448,19:00:03
public,0.0152430534363,19:00:04
normal,0.203951835632,19:00:04
public,0.786738872528,19:00:10
normal,0.236302137375,19:00:11
public,0.612735033035,19:00:11
normal,0.404021024704,19:00:12
public,0.463195800781,19:00:13
normal,0.260561943054,19:00:14
public,0.858407020569,19:00:14
normal,0.351917982101,19:00:15
public,1.03261995316,19:00:17
normal,0.0657207965851,19:00:17
public,0.271283149719,19:00:25
normal,1.21370887756,19:00:26
close,0.68004989624,19:00:27
public,0.896821022034,19:00:29
normal,0.0900399684906,19:00:29
public,2.43421196938,19:00:32
normal,0.202775001526,19:00:32
close,0.811666965485,19:00:33
public,0.100141048431,19:00:39
normal,0.204396009445,19:00:39
public,1.43765997887,19:00:40
normal,0.796662092209,19:00:41
public,7.64134097099,19:00:51
normal,0.466449975967,19:00:52
public,1.79080986977,19:00:54
normal,0.188729047775,19:00:54
public,0.109745025635,19:01:01
normal,2.59743309021,19:01:04
public,9.16550397873,19:01:14
personal,32.2963399887,19:01:51
close,0.607948064804,19:01:52
public,1.60480809212,19:02:33
personal,0.405834913254,19:02:33
public,1.36561799049,19:02:37
normal,0.238267183304,19:02:38
close,0.219952106476,19:02:40
normal,0.0194871425629,19:02:40
close,0.375077962875,19:02:41
personal,0.383265972137,19:02:46
public,0.68431520462,19:02:47
personal,0.850863933563,19:02:48
public,16.0302538872,19:04:04
personal,0.484076976776,19:04:04
public,0.0588262081146,19:04:47
personal,0.0820360183716,19:04:50
public,1.62919902802,19:04:51
personal,0.344310998917,19:04:52
public,0.160294055939,19:05:23
personal,3.8070089817,19:05:30
public,0.731714963913,19:05:30
close,0.194077968597,19:05:31
personal,4.08177995682,19:06:28
close,0.202028036118,19:06:29
personal,3.6663749218,19:06:32
close,0.414066076279,19:06:33
personal,0.0375030040741,19:06:35
close,2.07689189911,19:06:38
public,7.36875700951,19:06:45
normal,0.264890909195,19:06:45
personal,1.07505106926,19:06:47
public,8.95654988289,19:06:56
close,1.00316286087,19:06:57
public,0.106399059296,19:07:04
normal,0.119971990585,19:07:08
public,0.22758102417,19:07:08
normal,1.41082906723,19:07:10
close,0.406099081039,19:07:10
public,0.471560001373,19:07:13
personal,0.125742912292,19:07:16
public,0.608700037003,19:07:17
personal,0.93674993515,19:07:18
public,0.610644102097,19:07:19
personal,0.404883146286,19:07:19
public,0.315670967102,19:10:20
personal,0.31972193718,19:10:22
public,0.398849964142,19:10:46
normal,0.17476606369,19:10:46
public,0.0751049518585,19:10:47
personal,0.0677499771118,19:10:50
public,0.0287981033325,19:11:01
personal,1.22026205063,19:11:02
public,1.06466197968,19:11:09
close,1.01351308823,19:11:10
public,0.922960996628,19:11:31
personal,0.518630027771,19:11:32
public,5.2528450489,19:11:43
personal,1.00356698036,19:11:44
public,0.175496101379,19:11:45
normal,0.405326128006,19:11:45
personal,2.44115805626,19:11:47
public,1.15595889091,19:11:55
personal,0.601183891296,19:11:57
public,0.710170984268,19:12:03
personal,4.258289814,19:12:08
public,0.0927209854126,19:12:17
personal,0.228543996811,19:12:18
public,3.89001202583,19:12:31
normal,0.791776895523,19:12:32
public,1.0834479332,19:12:34
close,0.199496984482,19:12:35
personal,0.51728105545,19:12:36
public,0.263671159744,19:12:39
close,1.25597500801,19:12:40
public,2.99903488159,19:13:11
personal,5.86385798454,19:13:19
public,0.427252054214,19:13:20
personal,1.40433382988,19:13:21
public,0.158944129944,19:14:06
personal,0.491464853287,19:14:07
public,0.404417991638,19:14:07
personal,0.103157997131,19:14:08
public,6.21823787689,19:14:14
personal,0.586472034454,19:14:15
public,11.224738121,19:14:42
personal,0.406393051147,19:14:42
public,0.60898399353,19:14:48
close,0.19507598877,19:14:51
normal,0.408830881119,19:14:51
close,0.818190097809,19:14:52
personal,0.853735923767,19:15:09
normal,0.400961875916,19:15:09
close,1.02812695503,19:15:10
public,0.056077003479,19:15:28
personal,1.4614238739,19:15:35
public,1.1210308075,19:15:40
personal,0.35350394249,19:15:41
public,0.172352075577,19:15:45
personal,0.112488031387,19:15:46
public,0.584471940994,19:15:52
personal,0.439049959183,19:15:54
public,0.211318016052,19:16:15
personal,0.014585018158,19:16:16
public,0.950918912888,19:16:24
personal,0.703734874725,19:16:25
public,1.05028295517,19:16:39
personal,1.44124102592,19:16:41
public,0.998237133026,19:16:42
normal,0.404414892197,19:16:42
public,0.0001220703125,19:16:57
personal,0.395581960678,19:16:58
public,0.232033967972,19:17:02
normal,0.413729190826,19:17:03
public,3.45424413681,19:17:37
personal,2.23084807396,19:17:39
public,0.231876850128,19:17:46
personal,0.432848930359,19:17:46
public,0.833932876587,19:18:02
personal,0.0434041023254,19:18:03
public,0.0841839313507,19:18:09
personal,2.03100705147,19:18:11
close,1.22753095627,19:18:12
personal,7.83006381989,19:18:26
close,3.25808382034,19:18:30
personal,2.43491792679,19:18:32
public,1.15027689934,19:18:35
close,0.349406003952,19:18:36
personal,0.137288093567,19:18:36
public,0.0403788089752,19:22:10
public,1.71345305443,19:22:44
personal,0.607455015182,19:22:44
public,1.09311509132,19:22:47
personal,0.0238761901855,19:22:48
public,1.93158888817,19:23:32
personal,0.466907978058,19:23:32
public,0.489344835281,19:23:50
normal,0.2732899189,19:23:51
close,0.379756212234,19:23:53
public,0.467117071152,19:23:57
personal,1.01133489609,19:23:58
close,2.84334087372,19:24:01
personal,0.416572809219,19:24:03
public,0.418218851089,19:24:52
personal,0.979486942291,19:24:53
public,0.0215859413147,19:25:15
personal,0.993647098541,19:25:16
public,0.651663064957,19:25:44
personal,0.0714519023895,19:25:45
public,0.964486837387,19:26:01
personal,0.0234360694885,19:26:01
public,0.188706159592,19:26:15
personal,1.11201190948,19:26:18
public,13.4310979843,19:26:32
personal,0.799772024155,19:26:32
public,0.664283037186,19:26:46
personal,1.454652071,19:26:47
public,0.0187699794769,19:28:04
personal,0.853041172028,19:28:05
public,0.451157093048,19:28:08
personal,1.5423541069,19:28:11
public,0.609080076218,19:28:18
personal,1.20766091347,19:28:19
public,0.767884016037,19:28:46
personal,0.121315002441,19:28:50
public,0.701776981354,19:29:24
personal,1.6257648468,19:29:26
public,0.536381006241,19:29:58
personal,0.355231046677,19:30:00
close,0.611598014832,19:30:01
